-- MySQL dump 10.15  Distrib 10.0.36-MariaDB, for debian-linux-gnueabihf (armv7l)
--
-- Host: localhost    Database: escapegame
-- ------------------------------------------------------
-- Server version	10.0.36-MariaDB-0+deb8u1

/*!40101 SET @OLD_CHARACTER_SET_CLIENT=@@CHARACTER_SET_CLIENT */;
/*!40101 SET @OLD_CHARACTER_SET_RESULTS=@@CHARACTER_SET_RESULTS */;
/*!40101 SET @OLD_COLLATION_CONNECTION=@@COLLATION_CONNECTION */;
/*!40101 SET NAMES utf8 */;
/*!40103 SET @OLD_TIME_ZONE=@@TIME_ZONE */;
/*!40103 SET TIME_ZONE='+00:00' */;
/*!40014 SET @OLD_UNIQUE_CHECKS=@@UNIQUE_CHECKS, UNIQUE_CHECKS=0 */;
/*!40014 SET @OLD_FOREIGN_KEY_CHECKS=@@FOREIGN_KEY_CHECKS, FOREIGN_KEY_CHECKS=0 */;
/*!40101 SET @OLD_SQL_MODE=@@SQL_MODE, SQL_MODE='NO_AUTO_VALUE_ON_ZERO' */;
/*!40111 SET @OLD_SQL_NOTES=@@SQL_NOTES, SQL_NOTES=0 */;

--
-- Table structure for table `cables`
--

DROP TABLE IF EXISTS `cables`;
/*!40101 SET @saved_cs_client     = @@character_set_client */;
/*!40101 SET character_set_client = utf8 */;
CREATE TABLE `cables` (
  `idcable` int(11) NOT NULL AUTO_INCREMENT,
  `namecable` text NOT NULL,
  `description` text,
  PRIMARY KEY (`idcable`)
) ENGINE=InnoDB AUTO_INCREMENT=6 DEFAULT CHARSET=utf8;
/*!40101 SET character_set_client = @saved_cs_client */;

--
-- Dumping data for table `cables`
--

LOCK TABLES `cables` WRITE;
/*!40000 ALTER TABLE `cables` DISABLE KEYS */;
INSERT INTO `cables` VALUES (1,'VGA',NULL),(2,'JACK',NULL),(3,'HDMI',NULL),(4,'DVI',NULL),(5,'USB',NULL);
/*!40000 ALTER TABLE `cables` ENABLE KEYS */;
UNLOCK TABLES;

--
-- Table structure for table `gameinprogress`
--

DROP TABLE IF EXISTS `gameinprogress`;
/*!40101 SET @saved_cs_client     = @@character_set_client */;
/*!40101 SET character_set_client = utf8 */;
CREATE TABLE `gameinprogress` (
  `idgameinprogress` int(11) NOT NULL AUTO_INCREMENT,
  `timestart` datetime NOT NULL,
  `timefirststep` datetime DEFAULT NULL,
  `timesecondestep` datetime DEFAULT NULL,
  `timeend` datetime DEFAULT NULL,
  `success` int(11) NOT NULL DEFAULT '1',
  `isvideoplayed` int(11) NOT NULL DEFAULT '0',
  `idgame` int(11) NOT NULL,
  PRIMARY KEY (`idgameinprogress`),
  KEY `idGame` (`idgame`),
  CONSTRAINT `gameinprogress_ibfk_1` FOREIGN KEY (`idgame`) REFERENCES `gameset` (`idgame`)
) ENGINE=InnoDB AUTO_INCREMENT=393 DEFAULT CHARSET=utf8;
/*!40101 SET character_set_client = @saved_cs_client */;

--
-- Dumping data for table `gameinprogress`
--

LOCK TABLES `gameinprogress` WRITE;
/*!40000 ALTER TABLE `gameinprogress` DISABLE KEYS */;
INSERT INTO `gameinprogress` VALUES (1,'2018-11-13 09:35:37',NULL,NULL,NULL,1,0,26),(2,'2018-11-13 10:53:36',NULL,NULL,NULL,1,0,15),(3,'2018-11-13 10:56:53',NULL,NULL,NULL,1,0,10),(4,'2018-11-13 11:01:49',NULL,NULL,NULL,1,0,10),(5,'2018-11-13 11:07:06',NULL,NULL,NULL,1,0,4),(6,'2018-11-13 11:07:24',NULL,NULL,NULL,1,0,36),(7,'2018-11-13 11:08:21','2018-11-13 11:08:52','2018-11-13 11:09:03','2018-11-13 11:09:10',1,0,32),(8,'2018-11-13 11:10:31',NULL,NULL,NULL,1,0,7),(9,'2018-11-13 11:16:47',NULL,NULL,NULL,1,0,37),(10,'2018-11-13 11:19:03',NULL,NULL,NULL,1,0,31),(11,'2018-11-13 11:28:10',NULL,NULL,NULL,1,0,47),(12,'2018-11-13 11:39:49',NULL,NULL,NULL,1,0,55),(13,'2018-11-13 11:40:15',NULL,'2018-11-13 13:19:07',NULL,1,1,5),(14,'2018-11-13 13:20:54',NULL,NULL,NULL,1,1,57),(15,'2018-11-13 13:22:24',NULL,NULL,NULL,1,1,50),(16,'2018-11-13 13:24:11',NULL,'2018-11-13 13:25:22',NULL,1,0,14),(17,'2018-11-13 13:33:19',NULL,NULL,NULL,1,0,32),(18,'2018-11-13 14:10:56',NULL,NULL,NULL,1,1,13),(19,'2018-11-13 14:10:58','2018-11-13 14:14:31',NULL,NULL,1,1,14),(20,'2018-11-13 14:55:58',NULL,NULL,NULL,1,1,4),(21,'2018-11-13 15:52:13',NULL,NULL,NULL,1,0,34),(22,'2018-11-13 15:57:00',NULL,NULL,NULL,1,0,5),(23,'2018-11-13 16:52:20','2018-11-13 16:54:04','2018-11-13 16:55:10','2018-11-13 16:55:54',1,0,45),(24,'2018-11-13 16:57:48',NULL,NULL,NULL,1,0,40),(25,'2018-11-13 17:03:18','2018-11-13 17:03:27','2018-11-13 17:03:37','2018-11-13 17:04:18',1,0,4),(26,'2018-11-13 17:05:06','2018-11-13 17:05:25','2018-11-13 17:05:45','2018-11-13 17:06:41',1,0,48),(27,'2018-11-13 17:06:53','2018-11-13 17:07:07','2018-11-13 17:07:12','2018-11-13 17:07:34',1,0,56),(28,'2018-11-13 17:07:53',NULL,NULL,NULL,1,1,51),(29,'2018-11-13 17:10:34','2018-11-13 17:10:38',NULL,NULL,1,1,12),(30,'2018-11-13 17:11:35',NULL,NULL,NULL,1,0,32),(31,'2018-11-13 17:11:58',NULL,NULL,NULL,1,0,47),(32,'2018-11-13 17:12:00',NULL,NULL,NULL,1,0,60),(33,'2018-11-13 17:12:02',NULL,NULL,NULL,1,0,9),(34,'2018-11-13 17:12:03',NULL,NULL,NULL,1,0,16),(35,'2018-11-13 17:13:13','2018-11-13 17:14:59',NULL,NULL,1,0,35),(36,'2018-11-13 17:17:17','2018-11-13 17:18:13',NULL,NULL,1,0,6),(37,'2018-11-13 17:22:33','2018-11-13 17:22:45',NULL,NULL,1,0,18),(38,'2018-11-13 17:26:08','2018-11-13 17:28:03',NULL,NULL,1,1,44),(39,'2018-11-13 17:31:54',NULL,NULL,NULL,1,0,59),(40,'2018-11-14 07:39:12',NULL,NULL,NULL,1,1,28),(41,'2018-11-14 07:42:23',NULL,NULL,NULL,1,1,21),(42,'2018-11-14 07:44:13','2018-11-14 08:06:14',NULL,NULL,1,0,44),(43,'2018-11-14 08:34:46',NULL,NULL,NULL,1,0,31),(44,'2018-11-14 08:47:31',NULL,NULL,NULL,1,0,54),(45,'2018-11-14 12:19:27',NULL,NULL,NULL,1,0,5),(46,'2018-11-14 12:23:48',NULL,NULL,NULL,1,1,32),(47,'2018-11-14 12:24:52',NULL,NULL,NULL,1,0,57),(48,'2018-11-14 12:26:25','2018-11-14 12:28:15',NULL,NULL,1,0,1),(49,'2018-11-14 12:49:49',NULL,NULL,NULL,1,1,5),(50,'2018-11-14 12:50:38','2018-11-14 12:51:09',NULL,NULL,1,0,27),(51,'2018-11-14 12:52:05',NULL,NULL,NULL,1,0,48),(52,'2018-11-14 12:52:53','2018-11-14 13:11:03',NULL,NULL,1,0,59),(53,'2018-11-14 13:19:09',NULL,NULL,NULL,1,0,1),(54,'2018-11-14 13:20:55','2018-11-14 13:22:51',NULL,NULL,1,0,24),(55,'2018-11-14 13:24:19',NULL,NULL,NULL,1,0,46),(56,'2018-11-14 13:29:32',NULL,NULL,NULL,1,0,33),(57,'2018-11-14 13:30:17','2018-11-14 13:30:59',NULL,NULL,1,0,23),(58,'2018-11-14 13:34:36','2018-11-14 13:35:04',NULL,NULL,1,0,59),(59,'2018-11-14 13:38:12','2018-11-14 13:38:32',NULL,NULL,1,0,3),(60,'2018-11-14 13:42:23','2018-11-14 13:42:26',NULL,NULL,1,0,52),(61,'2018-11-14 13:43:06','2018-11-14 13:43:29','2018-11-14 13:49:32','2018-11-14 13:46:44',1,0,35),(62,'2018-11-14 13:49:45','2018-11-14 13:50:02','2018-11-14 13:50:08',NULL,1,0,55),(63,'2018-11-14 13:54:05',NULL,'2018-11-14 13:57:37',NULL,1,0,5),(64,'2018-11-14 14:01:10',NULL,NULL,NULL,1,0,43),(65,'2018-11-14 14:01:59',NULL,NULL,NULL,1,0,24),(66,'2018-11-14 14:02:33',NULL,'2018-11-14 14:03:22',NULL,1,1,48),(67,'2018-11-14 14:04:21',NULL,NULL,NULL,1,0,9),(68,'2018-11-14 14:08:30','2018-11-14 14:09:59','2018-11-14 14:10:24','2018-11-14 14:11:18',1,0,11),(69,'2018-11-14 14:12:16','2018-11-14 14:12:53',NULL,NULL,1,0,28),(70,'2018-11-14 14:15:11',NULL,NULL,NULL,1,0,29),(71,'2018-11-14 14:19:56','2018-11-14 14:20:19','2018-11-14 14:20:41','2018-11-14 14:21:33',1,0,38),(72,'2018-11-14 14:25:18',NULL,NULL,NULL,1,0,42),(73,'2018-11-14 14:28:04','2018-11-14 14:31:10','2018-11-14 14:32:46','2018-11-14 14:33:30',1,0,57),(74,'2018-11-14 14:35:10',NULL,'2018-11-14 14:57:43',NULL,1,1,14),(75,'2018-11-14 15:00:46','2018-11-14 15:02:27','2018-11-14 15:02:45','2018-11-14 15:04:32',1,0,48),(76,'2018-11-14 15:13:52',NULL,NULL,NULL,1,0,38),(77,'2018-11-14 15:16:58',NULL,NULL,NULL,1,0,2),(78,'2018-11-14 15:39:38',NULL,NULL,NULL,1,0,37),(79,'2018-11-14 15:43:14',NULL,NULL,NULL,1,0,44),(80,'2018-11-14 15:45:40','2018-11-15 09:43:22','2018-11-15 09:40:56',NULL,1,1,22),(81,'2018-11-15 12:33:41',NULL,NULL,NULL,1,0,21),(82,'2018-11-15 13:56:12','2018-11-15 13:59:09','2018-11-15 13:59:31',NULL,1,1,57),(83,'2018-11-15 13:59:38','2018-11-15 14:02:16','2018-11-15 14:04:37',NULL,1,0,2),(84,'2018-11-15 14:04:46','2018-11-15 14:07:49','2018-11-15 14:25:06','2018-11-15 14:25:26',0,0,49),(85,'2018-11-15 14:27:16','2018-11-15 14:28:19','2018-11-15 14:30:47','2018-11-15 14:31:47',1,0,16),(86,'2018-11-15 14:32:11',NULL,'2018-11-19 18:33:13',NULL,1,0,44),(87,'2018-11-19 18:34:35',NULL,NULL,NULL,1,0,12),(88,'2018-11-19 18:37:02',NULL,NULL,NULL,1,0,15),(89,'2018-11-19 19:49:15',NULL,NULL,NULL,1,0,26),(90,'2018-11-19 19:50:12',NULL,NULL,NULL,1,0,54),(91,'2018-11-19 19:54:50',NULL,NULL,NULL,1,0,1),(92,'2018-11-19 20:04:01',NULL,NULL,NULL,1,0,39),(93,'2018-11-19 20:04:09',NULL,NULL,NULL,1,0,8),(94,'2018-11-19 20:04:15',NULL,NULL,NULL,1,0,14),(95,'2018-11-19 20:04:21',NULL,NULL,NULL,1,0,13),(96,'2018-11-19 20:04:28',NULL,NULL,NULL,1,0,56),(97,'2018-11-20 08:56:05','2018-11-20 08:56:30',NULL,NULL,1,0,22),(98,'2018-11-20 09:07:31','2018-11-20 09:09:08','2018-11-20 09:09:23','2018-11-20 09:09:34',1,0,32),(99,'2018-11-20 10:13:56','2018-11-20 10:15:34','2018-11-20 10:15:54','2018-11-20 10:16:24',1,0,33),(100,'2018-11-20 10:22:41','2018-11-20 10:22:45','2018-11-20 10:34:04','2018-11-20 10:36:10',1,0,45),(101,'2018-11-20 10:38:23','2018-11-20 10:42:28','2018-11-20 10:46:38','2018-11-20 10:48:28',1,0,39),(102,'2018-11-20 10:52:45','2018-11-20 11:00:03','2018-11-20 11:05:53','2018-11-20 11:06:23',1,0,35),(103,'2018-11-20 11:09:23','2018-11-20 11:13:58','2018-11-20 11:21:56','2018-11-20 11:23:12',1,0,60),(104,'2018-11-20 11:25:07','2018-11-20 11:33:26','2018-11-20 11:38:29',NULL,1,0,34),(105,'2018-11-20 11:45:30','2018-11-20 11:50:20',NULL,NULL,1,0,2),(106,'2018-11-20 11:52:21','2018-11-20 11:52:46','2018-11-20 12:07:32','2018-11-20 12:08:08',0,0,1),(107,'2018-11-20 12:48:50','2018-11-20 12:53:59','2018-11-20 13:00:40','2018-11-20 13:01:26',1,0,40),(108,'2018-11-20 13:02:47','2018-11-20 13:09:17','2018-11-20 13:11:02','2018-11-20 13:11:53',1,0,37),(109,'2018-11-20 13:13:22','2018-11-20 13:19:01','2018-11-20 13:26:34','2018-11-20 13:26:53',1,0,42),(110,'2018-11-20 13:28:29','2018-11-20 13:35:31','2018-11-20 13:41:52','2018-11-20 13:43:14',1,0,52),(111,'2018-11-20 13:48:25',NULL,NULL,NULL,1,0,28),(112,'2018-11-20 14:02:29','2018-11-20 14:02:51',NULL,NULL,1,0,11),(113,'2018-11-20 14:08:53','2018-11-20 14:13:32','2018-11-20 14:15:31','2018-11-20 14:19:17',1,0,55),(114,'2018-11-20 14:21:37','2018-11-20 14:30:14','2018-11-20 14:33:21','2018-11-20 14:35:04',1,0,19),(115,'2018-11-20 14:40:35','2018-11-20 14:55:45',NULL,NULL,1,0,51),(116,'2018-11-20 14:55:58','2018-11-20 14:56:23',NULL,NULL,1,0,24),(117,'2018-11-20 15:06:46','2018-11-20 15:13:51','2018-11-20 15:20:02','2018-11-20 15:22:22',0,0,23),(118,'2018-11-20 15:24:52','2018-11-20 15:33:19',NULL,NULL,1,0,18),(119,'2018-11-21 08:21:36',NULL,NULL,NULL,1,0,19),(120,'2018-11-21 08:32:35','2018-11-21 08:38:34','2018-11-21 08:39:22','2018-11-21 08:39:49',1,0,2),(121,'2018-11-21 09:16:39','2018-11-21 09:17:59','2018-11-21 09:18:16','2018-11-21 09:18:34',1,0,24),(122,'2018-11-21 09:18:50','2018-11-21 09:28:10','2018-11-21 09:33:47',NULL,1,0,32),(123,'2018-11-21 09:37:52','2018-11-21 09:38:34','2018-11-21 09:38:49','2018-11-21 09:38:59',1,0,1),(124,'2018-11-21 09:39:30','2018-11-21 09:40:02','2018-11-21 09:40:14','2018-11-21 09:40:25',1,0,24),(125,'2018-11-21 09:42:50',NULL,NULL,NULL,1,0,38),(126,'2018-11-21 10:01:54',NULL,NULL,NULL,1,0,27),(127,'2018-11-21 10:15:47','2018-11-21 10:16:17','2018-11-21 10:16:53','2018-11-21 10:17:08',1,0,36),(128,'2018-11-21 10:17:18','2018-11-21 10:17:41','2018-11-21 10:18:16','2018-11-21 10:18:40',1,0,35),(129,'2018-11-21 10:19:25','2018-11-21 10:19:39','2018-11-21 10:20:01','2018-11-21 10:20:19',1,0,22),(130,'2018-11-21 10:20:38','2018-11-21 10:21:06','2018-11-21 10:21:47','2018-11-21 10:21:57',1,0,46),(131,'2018-11-21 10:22:28','2018-11-21 10:22:53','2018-11-21 10:23:08','2018-11-21 10:23:20',1,0,6),(132,'2018-11-21 10:23:29','2018-11-21 10:24:01','2018-11-21 10:24:19','2018-11-21 10:24:32',1,0,54),(133,'2018-11-21 10:26:16','2018-11-21 10:27:15','2018-11-21 10:27:28','2018-11-21 10:28:07',1,0,56),(134,'2018-11-21 10:28:41','2018-11-21 10:29:21','2018-11-21 10:29:45','2018-11-21 10:30:43',1,0,17),(135,'2018-11-21 10:33:48',NULL,NULL,NULL,1,0,47),(136,'2018-11-21 10:49:20','2018-11-21 10:50:07','2018-11-21 10:50:27','2018-11-21 10:50:38',1,0,32),(137,'2018-11-21 10:51:04',NULL,NULL,NULL,1,0,16),(138,'2018-11-21 10:51:26','2018-11-21 10:51:45','2018-11-21 10:52:02','2018-11-21 10:52:13',1,0,14),(139,'2018-11-21 10:54:12','2018-11-21 10:56:38','2018-11-21 10:58:40','2018-11-21 11:00:37',1,0,25),(140,'2018-11-21 11:03:07','2018-11-21 11:10:00','2018-11-21 11:18:19',NULL,1,0,32),(141,'2018-11-21 11:27:45','2018-11-21 11:28:13','2018-11-21 11:28:29','2018-11-21 11:29:23',1,0,41),(142,'2018-11-21 11:39:35','2018-11-21 11:49:00','2018-11-21 11:51:56','2018-11-21 11:53:13',1,0,24),(143,'2018-11-21 11:56:38','2018-11-21 12:05:27','2018-11-21 12:12:06',NULL,1,0,49),(144,'2018-11-21 12:13:51','2018-11-21 12:16:01','2018-11-21 12:17:11','2018-11-21 12:19:13',1,0,49),(145,'2018-11-21 12:20:25','2018-11-21 12:23:32','2018-11-21 12:25:26','2018-11-21 12:25:59',1,0,44),(146,'2018-11-21 12:46:56',NULL,NULL,NULL,1,0,54),(147,'2018-11-21 13:06:20','2018-11-21 13:06:51','2018-11-21 13:07:09','2018-11-21 13:07:20',1,0,7),(148,'2018-11-21 13:09:47','2018-11-21 13:10:09','2018-11-21 13:10:38','2018-11-21 13:10:58',1,0,55),(149,'2018-11-21 13:24:04','2018-11-21 13:32:04',NULL,NULL,1,0,20),(150,'2018-11-21 13:44:06','2018-11-21 13:49:50','2018-11-21 13:53:49','2018-11-21 13:55:46',1,0,39),(151,'2018-11-21 13:57:29','2018-11-21 14:01:35','2018-11-21 14:09:58','2018-11-21 14:11:30',1,0,33),(152,'2018-11-21 14:18:23','2018-11-21 14:22:38','2018-11-21 14:25:34','2018-11-21 14:28:07',1,0,36),(153,'2018-11-21 14:30:21',NULL,NULL,NULL,1,0,4),(154,'2018-11-21 14:32:30','2018-11-21 14:40:25','2018-11-21 14:46:52','2018-11-21 14:47:16',1,0,40),(155,'2018-11-21 14:57:21',NULL,NULL,NULL,1,0,23),(156,'2018-11-21 14:59:05','2018-11-21 15:06:53','2018-11-21 15:10:37','2018-11-21 15:11:57',1,0,38),(157,'2018-11-21 15:14:53','2018-11-21 15:15:23','2018-11-21 15:15:46','2018-11-21 15:16:13',1,0,20),(158,'2018-11-21 15:17:20','2018-11-21 15:21:30','2018-11-21 15:24:16','2018-11-21 15:27:11',1,0,57),(159,'2018-11-21 15:34:04','2018-11-21 15:38:29','2018-11-21 15:48:01','2018-11-21 15:49:22',0,0,53),(160,'2018-11-21 15:51:57','2018-11-21 15:53:44',NULL,NULL,1,0,42),(161,'2018-11-21 15:56:22','2018-11-21 16:02:47',NULL,NULL,1,0,27),(162,'2018-11-21 16:12:36','2018-11-21 16:16:34','2018-11-21 16:19:35','2018-11-21 16:19:59',1,0,1),(163,'2018-11-21 16:23:57','2018-11-21 16:25:09',NULL,NULL,1,0,11),(164,'2018-11-21 16:26:40','2018-11-21 16:33:07','2018-11-21 16:39:19','2018-11-21 16:40:37',1,0,22),(165,'2018-11-21 16:42:59',NULL,NULL,NULL,1,0,30),(166,'2018-11-21 16:44:54',NULL,NULL,NULL,1,0,42),(167,'2018-11-21 16:47:47',NULL,NULL,NULL,1,0,44),(168,'2018-11-21 16:49:35','2018-11-21 16:57:29','2018-11-21 17:01:17','2018-11-21 17:03:01',1,0,39),(169,'2018-11-21 17:04:53',NULL,NULL,NULL,1,0,60),(170,'2018-11-21 17:14:54','2018-11-21 17:18:41','2018-11-21 17:30:58',NULL,1,0,17),(171,'2018-11-21 17:35:26','2018-11-21 17:41:48','2018-11-21 17:43:56','2018-11-21 17:44:52',1,0,3),(172,'2018-11-21 17:56:57',NULL,NULL,NULL,1,0,12),(173,'2018-11-21 17:57:16',NULL,NULL,NULL,1,1,40),(174,'2018-11-21 17:57:16','2018-11-21 18:04:19','2018-11-21 18:08:57','2018-11-21 18:10:03',1,0,23),(175,'2018-11-21 18:12:55','2018-11-21 18:18:28','2018-11-21 18:21:36','2018-11-21 18:22:35',1,0,2),(176,'2018-11-21 18:29:38','2018-11-21 18:35:29','2018-11-21 18:38:39','2018-11-21 18:40:29',1,0,51),(177,'2018-11-21 18:45:45','2018-11-21 18:52:00','2018-11-21 18:54:51','2018-11-21 18:56:15',1,1,55),(178,'2018-11-21 18:57:50',NULL,NULL,NULL,1,0,22),(179,'2018-11-21 19:04:00','2018-11-21 19:06:26','2018-11-21 19:13:21','2018-11-21 19:14:32',1,0,8),(180,'2018-11-21 19:17:43',NULL,NULL,NULL,1,1,54),(181,'2018-11-21 19:18:17','2018-11-21 19:23:34','2018-11-21 19:27:31','2018-11-21 19:30:49',1,0,58),(182,'2018-11-21 19:32:38','2018-11-21 19:36:13','2018-11-21 19:37:57','2018-11-22 07:44:07',0,0,36),(183,'2018-11-22 07:47:00','2018-11-22 07:47:51','2018-11-22 07:48:15','2018-11-22 07:48:23',1,0,50),(184,'2018-11-22 07:48:51','2018-11-22 07:49:32','2018-11-22 07:49:45','2018-11-22 07:50:00',1,0,28),(185,'2018-11-22 08:01:15',NULL,NULL,NULL,1,0,26),(186,'2018-11-22 08:21:18',NULL,NULL,NULL,1,0,31),(187,'2018-11-22 08:44:02',NULL,NULL,NULL,1,0,34),(188,'2018-11-22 08:44:19',NULL,NULL,NULL,1,0,7),(189,'2018-11-22 08:44:44','2018-11-22 08:45:19','2018-11-22 08:45:34','2018-11-22 08:45:43',1,0,42),(190,'2018-11-22 08:48:18','2018-11-22 09:56:13','2018-11-22 09:57:01','2018-11-22 09:57:48',0,0,26),(191,'2018-11-22 09:59:14','2018-11-22 09:59:39','2018-11-22 10:00:00','2018-11-22 10:00:11',1,0,39),(192,'2018-11-22 10:03:10','2018-11-22 10:09:37','2018-11-22 10:19:39','2018-11-22 10:20:00',0,0,19),(193,'2018-11-22 10:22:17','2018-11-22 10:30:52','2018-11-22 10:38:38',NULL,1,0,35),(194,'2018-11-22 10:42:09','2018-11-22 10:45:06','2018-11-22 10:49:13','2018-11-22 10:53:06',1,0,50),(195,'2018-11-22 10:58:26','2018-11-22 11:01:38','2018-11-22 11:17:47','2018-11-22 11:18:10',0,0,55),(196,'2018-11-22 11:24:56','2018-11-22 11:34:18','2018-11-22 11:41:10',NULL,1,0,17),(197,'2018-11-22 11:42:03','2018-11-22 11:46:46','2018-11-22 11:51:18','2018-11-22 11:55:59',1,0,53),(198,'2018-11-22 11:58:38','2018-11-22 12:01:30','2018-11-22 12:05:57','2018-11-22 12:07:56',1,0,45),(199,'2018-11-22 12:23:14','2018-11-22 12:30:57','2018-11-22 12:35:35','2018-11-22 12:36:55',1,0,8),(200,'2018-11-22 12:38:40','2018-11-22 12:44:39','2018-11-22 12:46:07','2018-11-22 12:46:30',1,0,38),(201,'2018-11-22 12:49:32','2018-11-22 12:54:53','2018-11-22 12:59:33','2018-11-22 13:01:13',1,0,41),(202,'2018-11-22 13:12:19',NULL,'2018-11-22 13:28:55','2018-11-22 13:31:53',0,0,22),(203,'2018-11-22 13:32:02','2018-11-22 13:32:28','2018-11-22 13:32:40','2018-11-22 13:32:48',1,0,44),(204,'2018-11-22 13:35:24','2018-11-22 13:42:58','2018-11-22 13:45:00','2018-11-22 13:45:40',1,0,43),(205,'2018-11-22 13:50:59','2018-11-22 13:51:30','2018-11-22 13:51:43','2018-11-22 13:52:35',1,0,25),(206,'2018-11-22 13:58:17',NULL,NULL,NULL,1,0,52),(207,'2018-11-22 13:58:30','2018-11-22 14:03:08','2018-11-22 14:08:16','2018-11-22 14:10:06',1,0,46),(208,'2018-11-22 14:16:20','2018-11-22 14:26:00',NULL,NULL,1,0,18),(209,'2018-11-22 14:32:53','2018-11-22 14:33:37','2018-11-22 14:33:51','2018-11-22 14:34:09',1,0,58),(210,'2018-11-22 14:36:07','2018-11-22 14:39:22','2018-11-22 14:41:25','2018-11-22 14:43:36',1,0,29),(211,'2018-11-22 14:45:32','2018-11-22 14:47:50',NULL,NULL,1,0,5),(212,'2018-11-22 14:57:23','2018-11-22 15:02:43','2018-11-22 15:06:47','2018-11-22 15:07:42',1,0,13),(213,'2018-11-22 15:09:24','2018-11-22 15:16:55','2018-11-22 15:17:07','2018-11-22 15:17:20',1,0,53),(214,'2018-11-22 15:17:46','2018-11-22 15:23:18','2018-11-22 15:29:09','2018-11-22 15:30:34',1,0,21),(215,'2018-11-22 15:31:38','2018-11-22 15:41:12','2018-11-22 15:47:27','2018-11-22 15:47:57',0,0,3),(216,'2018-11-22 15:48:43','2018-11-22 15:53:23','2018-11-22 15:58:23','2018-11-22 15:58:49',1,0,49),(217,'2018-11-22 15:59:20',NULL,NULL,NULL,1,0,42),(218,'2018-11-22 15:59:44','2018-11-22 16:05:55','2018-11-22 16:08:26','2018-11-22 16:09:26',1,0,24),(219,'2018-11-22 16:11:19','2018-11-22 16:16:06','2018-11-22 16:18:56','2018-11-22 16:20:25',1,0,57),(220,'2018-11-22 16:21:50','2018-11-22 16:27:11','2018-11-22 16:31:22','2018-11-22 16:32:25',1,0,31),(221,'2018-11-22 16:34:39','2018-11-22 16:41:16','2018-11-22 16:44:00','2018-11-22 16:46:14',1,0,59),(222,'2018-11-22 16:47:01','2018-11-22 16:54:07','2018-11-22 16:56:32','2018-11-22 17:48:28',0,0,10),(223,'2018-11-22 17:48:58','2018-11-22 17:49:25','2018-11-22 17:49:54','2018-11-22 17:50:02',1,0,1),(224,'2018-11-23 07:57:27','2018-11-23 08:02:31','2018-11-23 08:02:47','2018-11-23 08:03:02',1,0,43),(225,'2018-11-23 08:03:27',NULL,NULL,'2018-11-23 08:14:43',1,0,29),(226,'2018-11-23 08:34:57','2018-11-23 08:35:20','2018-11-23 08:35:35','2018-11-23 08:35:52',1,0,23),(227,'2018-11-23 08:45:41','2018-11-23 08:54:39',NULL,NULL,1,0,54),(228,'2018-11-23 09:04:57','2018-11-23 09:08:42',NULL,NULL,1,0,56),(229,'2018-11-23 09:19:50','2018-11-23 09:25:49',NULL,NULL,1,0,6),(230,'2018-11-23 09:28:42','2018-11-23 09:29:14','2018-11-23 09:34:02','2018-11-23 09:37:04',1,0,58),(231,'2018-11-23 09:37:59','2018-11-23 09:38:29','2018-11-23 09:38:55','2018-11-23 09:39:24',1,0,1),(232,'2018-11-23 09:41:09','2018-11-23 09:43:37','2018-11-23 09:47:46','2018-11-23 09:49:31',1,0,44),(233,'2018-11-23 10:07:22','2018-11-23 10:12:31','2018-11-23 10:20:53',NULL,1,0,58),(234,'2018-11-23 10:21:27','2018-11-23 10:22:05','2018-11-23 10:22:16','2018-11-23 10:23:33',1,0,36),(235,'2018-11-23 10:24:47','2018-11-23 10:32:48','2018-11-23 10:39:08',NULL,1,0,42),(236,'2018-11-23 10:39:26','2018-11-23 10:39:42','2018-11-23 10:39:52',NULL,1,0,45),(237,'2018-11-23 10:40:34',NULL,NULL,NULL,1,0,16),(238,'2018-11-23 10:41:39',NULL,NULL,NULL,1,0,4),(239,'2018-11-23 10:42:36','2018-11-23 10:45:40','2018-11-23 10:49:17','2018-11-23 10:50:32',1,0,15),(240,'2018-11-23 10:51:16',NULL,NULL,NULL,1,0,8),(241,'2018-11-23 10:51:46',NULL,NULL,NULL,1,0,18),(242,'2018-11-23 10:52:01',NULL,NULL,NULL,1,0,41),(243,'2018-11-23 10:53:11','2018-11-23 11:01:35',NULL,NULL,1,0,56),(244,'2018-11-23 11:03:46','2018-11-23 11:04:17',NULL,NULL,1,0,45),(245,'2018-11-23 11:06:13','2018-11-23 11:06:39',NULL,NULL,1,0,4),(246,'2018-11-23 11:08:18',NULL,NULL,NULL,1,0,36),(247,'2018-11-23 11:10:53','2018-11-23 11:15:23','2018-11-23 11:20:31','2018-11-23 11:22:58',1,0,41),(248,'2018-11-23 11:36:22',NULL,NULL,NULL,1,0,35),(249,'2018-11-23 11:38:38','2018-11-23 11:41:54','2018-11-23 11:44:18','2018-11-23 11:45:51',1,0,36),(250,'2018-11-23 11:46:26',NULL,NULL,NULL,1,0,47),(251,'2018-11-23 11:47:15',NULL,NULL,NULL,1,0,6),(252,'2018-11-23 11:59:08','2018-11-23 12:05:15','2018-11-23 12:08:49','2018-11-23 12:10:07',1,0,33),(253,'2018-11-23 12:10:38',NULL,NULL,NULL,1,1,15),(254,'2018-11-23 12:10:45',NULL,NULL,NULL,1,0,49),(255,'2018-11-23 12:13:10','2018-11-23 12:19:38',NULL,NULL,1,0,21),(256,'2018-11-23 12:36:46','2018-11-23 12:39:36','2018-11-23 12:41:46','2018-11-23 12:42:45',1,0,8),(257,'2018-11-23 12:43:18',NULL,NULL,NULL,1,0,7),(258,'2018-11-23 12:44:05',NULL,NULL,NULL,1,0,2),(259,'2018-11-23 12:48:24',NULL,NULL,NULL,1,0,56),(260,'2018-11-23 12:50:52','2018-11-23 12:53:42','2018-11-23 12:56:04','2018-11-23 12:56:56',1,0,8),(261,'2018-11-23 13:01:52',NULL,NULL,NULL,1,0,17),(262,'2018-11-23 13:03:48',NULL,NULL,NULL,1,0,29),(263,'2018-11-23 13:04:09','2018-11-23 13:07:08','2018-11-23 13:15:21','2018-11-23 13:16:44',1,0,60),(264,'2018-11-23 13:18:37','2018-11-23 13:23:43','2018-11-23 13:26:16','2018-11-23 13:26:42',1,0,38),(265,'2018-11-23 13:28:59','2018-11-23 13:32:18','2018-11-23 13:34:53','2018-11-23 13:35:22',1,0,16),(266,'2018-11-23 13:39:17','2018-11-23 13:42:46','2018-11-23 13:49:05','2018-11-23 13:50:01',1,0,13),(267,'2018-11-23 13:53:03',NULL,NULL,NULL,1,0,30),(268,'2018-11-23 13:54:46','2018-11-23 13:58:37','2018-11-23 13:59:44','2018-11-23 14:02:34',1,0,27),(269,'2018-11-23 14:02:51','2018-11-23 14:03:18','2018-11-23 14:03:32',NULL,1,0,47),(270,'2018-11-23 14:03:41','2018-11-23 14:03:50',NULL,NULL,1,0,8),(271,'2018-11-23 14:04:47','2018-11-23 14:05:09','2018-11-23 14:09:27','2018-11-23 14:09:35',1,0,16),(272,'2018-11-23 14:27:14','2018-11-23 14:34:05','2018-11-23 14:37:33','2018-11-23 14:38:27',1,0,4),(273,'2018-11-23 14:42:56','2018-11-23 14:47:34','2018-11-23 14:51:27','2018-11-23 14:52:20',1,0,10),(274,'2018-11-23 15:02:45','2018-11-23 15:06:39','2018-11-23 15:10:51','2018-11-23 15:12:35',1,0,9),(275,'2018-11-23 15:16:27','2018-11-23 15:20:15','2018-11-23 15:23:24','2018-11-23 15:25:24',1,0,54),(276,'2018-11-23 15:27:16','2018-11-23 15:31:58','2018-11-23 15:36:52','2018-11-23 15:38:34',1,0,17),(277,'2018-11-23 15:40:20','2018-11-23 15:47:41','2018-11-23 15:54:14','2018-11-23 15:54:55',1,0,43),(278,'2018-11-23 15:56:22','2018-11-23 15:59:54','2018-11-23 16:03:31','2018-11-23 16:04:25',1,0,43),(279,'2018-11-23 16:13:41','2018-11-23 16:14:07','2018-11-23 16:14:54','2018-11-23 16:15:01',1,0,16),(280,'2018-11-23 16:16:16','2018-11-23 16:19:46','2018-11-23 16:22:29','2018-11-23 16:24:41',1,0,43),(281,'2018-11-23 16:28:02','2018-11-23 16:30:58','2018-11-23 16:33:50','2018-11-23 16:35:57',1,0,22),(282,'2018-11-23 16:40:39','2018-11-23 16:48:08','2018-11-23 16:53:03','2018-11-23 16:54:05',1,0,40),(283,'2018-11-23 16:55:16','2018-11-23 16:57:50','2018-11-23 17:01:27','2018-11-23 17:06:14',1,0,8),(284,'2018-11-23 17:17:49','2018-11-23 17:17:19','2018-11-23 17:29:27','2018-11-23 17:30:07',1,0,50),(285,'2018-11-23 17:38:45','2018-11-23 17:44:43','2018-11-23 17:48:00','2018-11-23 17:51:49',1,0,29),(286,'2018-11-23 18:00:40','2018-11-23 18:02:47','2018-11-23 18:05:14','2018-11-23 18:08:07',1,0,6),(287,'2018-11-23 18:20:22','2018-11-23 18:24:50','2018-11-23 18:26:38','2018-11-23 18:29:02',1,0,42),(288,'2018-11-23 18:43:16',NULL,NULL,NULL,1,0,44),(289,'2018-11-23 18:44:22','2018-11-23 18:50:48','2018-11-23 18:52:54','2018-11-23 18:57:48',1,0,49),(290,'2018-11-23 18:59:31','2018-11-23 18:59:55','2018-11-23 19:00:11','2018-11-23 19:00:20',1,0,46),(291,'2018-11-23 19:01:11','2018-11-23 19:07:24','2018-11-23 19:11:10','2018-11-23 19:13:14',1,0,50),(292,'2018-11-24 09:00:48','2018-11-24 09:06:40','2018-11-24 09:12:03','2018-11-24 09:13:15',1,0,55),(293,'2018-11-24 09:15:36','2018-11-24 09:22:15','2018-11-24 09:27:17','2018-11-24 09:28:23',1,0,32),(294,'2018-11-24 09:30:50','2018-11-24 09:38:18','2018-11-24 09:40:55','2018-11-24 09:42:33',1,0,28),(295,'2018-11-24 09:46:23','2018-11-24 09:54:21','2018-11-24 09:56:31','2018-11-24 09:58:00',1,0,23),(296,'2018-11-24 09:59:50','2018-11-24 10:05:40','2018-11-24 10:10:03','2018-11-24 10:10:57',1,0,49),(297,'2018-11-24 10:12:38',NULL,NULL,NULL,1,0,38),(298,'2018-11-24 10:13:33','2018-11-24 10:20:11',NULL,NULL,1,0,21),(299,'2018-11-24 10:28:45',NULL,NULL,NULL,1,0,39),(300,'2018-11-24 10:40:13','2018-11-24 10:49:55','2018-11-24 10:57:25','2018-11-24 10:58:21',0,0,52),(301,'2018-11-24 11:03:17',NULL,NULL,NULL,1,0,31),(302,'2018-11-24 11:03:30',NULL,NULL,NULL,1,1,3),(303,'2018-11-24 11:03:43',NULL,NULL,NULL,1,0,39),(304,'2018-11-24 11:04:43','2018-11-24 11:08:15','2018-11-24 11:14:09','2018-11-24 11:15:51',1,0,57),(305,'2018-11-24 11:18:32',NULL,NULL,NULL,1,1,23),(306,'2018-11-24 11:20:58',NULL,NULL,NULL,1,0,54),(307,'2018-11-24 11:21:30','2018-11-24 11:23:01','2018-11-24 11:32:02','2018-11-24 11:32:29',1,0,57),(308,'2018-11-24 11:40:52','2018-11-24 11:47:20','2018-11-24 11:52:55','2018-11-24 11:54:19',1,0,22),(309,'2018-11-24 11:58:00',NULL,NULL,NULL,1,0,24),(310,'2018-11-24 11:58:55','2018-11-24 12:00:59','2018-11-24 12:04:10','2018-11-24 12:04:35',1,1,21),(311,'2018-11-24 12:19:30',NULL,NULL,NULL,1,0,5),(312,'2018-11-24 12:19:43','2018-11-24 12:24:35','2018-11-24 12:29:46','2018-11-24 12:30:57',1,0,1),(313,'2018-11-24 12:58:14',NULL,NULL,NULL,1,0,31),(314,'2018-11-24 13:01:25',NULL,NULL,NULL,1,0,15),(315,'2018-11-24 13:03:20',NULL,NULL,NULL,1,0,54),(316,'2018-11-24 13:05:22','2018-11-24 13:12:16','2018-11-24 13:18:57','2018-11-24 13:21:19',0,1,17),(317,'2018-11-24 13:22:56',NULL,NULL,NULL,1,0,27),(318,'2018-11-24 13:23:26',NULL,NULL,NULL,1,0,53),(319,'2018-11-24 13:43:24','2018-11-24 13:43:50','2018-11-24 13:44:09','2018-11-24 13:44:27',1,1,54),(320,'2018-11-24 13:44:32',NULL,NULL,NULL,1,0,45),(321,'2018-11-24 13:45:17','2018-11-24 13:54:05',NULL,NULL,1,1,55),(322,'2018-11-24 14:03:43',NULL,NULL,NULL,1,0,9),(323,'2018-11-24 14:21:58',NULL,NULL,NULL,1,0,14),(324,'2018-11-24 14:37:28','2018-11-24 14:37:43','2018-11-24 14:40:22','2018-11-24 14:41:25',1,0,44),(325,'2018-11-24 14:43:20',NULL,NULL,NULL,1,0,7),(326,'2018-11-24 14:49:30','2018-11-24 14:51:18','2018-11-24 14:59:35','2018-11-24 15:04:22',1,0,33),(327,'2018-11-24 15:05:12','2018-11-24 15:05:47',NULL,NULL,1,0,22),(328,'2018-11-24 15:06:07',NULL,NULL,NULL,1,0,36),(329,'2018-11-24 15:06:38',NULL,NULL,NULL,1,0,30),(330,'2018-11-24 15:13:29',NULL,NULL,NULL,1,1,10),(331,'2018-11-24 15:21:04',NULL,NULL,NULL,1,0,38),(332,'2018-11-24 15:21:37','2018-11-24 15:22:27','2018-11-24 15:27:24','2018-11-24 15:28:24',1,0,26),(333,'2018-11-24 15:30:03','2018-11-24 15:38:02','2018-11-24 15:43:19','2018-11-24 15:44:10',1,0,32),(334,'2018-11-24 15:45:16','2018-11-24 15:49:25','2018-11-24 15:53:41','2018-11-24 15:56:01',1,0,52),(335,'2018-11-24 15:59:42','2018-11-24 16:08:17','2018-11-24 16:09:46','2018-11-24 16:11:54',1,0,39),(336,'2018-11-24 16:21:11','2018-11-24 16:25:54','2018-11-24 16:27:42','2018-11-24 16:29:17',1,0,4),(337,'2018-11-24 16:30:26',NULL,NULL,NULL,1,0,8),(338,'2018-11-24 16:35:27','2018-11-24 16:43:00','2018-11-24 16:49:52','2018-11-24 16:50:28',0,0,45),(339,'2018-11-24 17:01:03',NULL,NULL,NULL,1,0,42),(340,'2018-11-24 17:14:26','2018-11-24 17:17:58',NULL,NULL,1,0,38),(341,'2018-11-24 17:27:23','2018-11-24 17:33:48','2018-11-24 17:40:58',NULL,1,0,11),(342,'2018-11-24 17:46:01',NULL,NULL,NULL,1,0,32),(343,'2018-11-24 17:46:43','2018-11-24 17:52:49','2018-11-24 17:54:41','2018-11-24 17:55:50',1,0,25),(344,'2018-11-24 17:56:20','2018-11-24 17:57:13','2018-11-24 17:59:18','2018-11-24 17:59:24',1,0,1),(345,'2018-11-25 08:35:07','2018-11-25 08:36:38','2018-11-25 08:37:13','2018-11-25 08:37:29',1,0,40),(346,'2018-11-25 08:37:34',NULL,NULL,NULL,1,0,52),(347,'2018-11-25 08:39:14','2018-11-25 08:39:47','2018-11-25 08:40:12','2018-11-25 08:40:38',1,0,53),(348,'2018-11-25 08:45:51',NULL,NULL,NULL,1,0,29),(349,'2018-11-25 08:57:15',NULL,NULL,NULL,1,0,30),(350,'2018-11-25 08:58:20','2018-11-25 09:01:16','2018-11-25 09:01:27','2018-11-25 09:01:40',1,0,57),(351,'2018-11-25 09:01:46','2018-11-25 09:02:11','2018-11-25 09:02:23','2018-11-25 09:02:31',1,0,56),(352,'2018-11-25 09:20:32','2018-11-25 09:27:11','2018-11-25 09:34:42','2018-11-25 09:35:30',1,0,50),(353,'2018-11-25 09:40:11','2018-11-25 09:48:44','2018-11-25 09:50:55','2018-11-25 09:51:48',1,0,4),(354,'2018-11-25 10:00:17',NULL,NULL,NULL,1,0,17),(355,'2018-11-25 10:12:10','2018-11-25 10:12:35','2018-11-25 10:15:37','2018-11-25 10:17:25',1,1,28),(356,'2018-11-25 10:17:37',NULL,NULL,NULL,1,0,45),(357,'2018-11-25 10:19:14',NULL,NULL,NULL,1,0,36),(358,'2018-11-25 10:20:15','2018-11-25 10:23:56','2018-11-25 10:25:28','2018-11-25 10:25:40',1,0,58),(359,'2018-11-25 10:40:02','2018-11-25 10:49:14','2018-11-25 10:54:59','2018-11-25 10:57:14',0,0,15),(360,'2018-11-25 11:02:11','2018-11-25 11:10:43','2018-11-25 11:15:15','2018-11-25 11:16:04',1,0,36),(361,'2018-11-25 11:39:36','2018-11-25 11:43:24','2018-11-25 11:50:06','2018-11-25 11:51:44',1,0,2),(362,'2018-11-25 11:59:55',NULL,NULL,NULL,1,0,49),(363,'2018-11-25 12:11:33','2018-11-25 12:13:00','2018-11-25 12:18:09','2018-11-25 12:18:51',1,0,18),(364,'2018-11-25 12:22:26','2018-11-25 12:27:18',NULL,NULL,1,0,51),(365,'2018-11-25 12:27:49','2018-11-25 12:27:55','2018-11-25 12:41:55','2018-11-25 12:43:52',0,0,51),(366,'2018-11-25 12:45:54',NULL,NULL,NULL,1,0,16),(367,'2018-11-25 12:57:30','2018-11-25 12:58:06','2018-11-25 13:00:30','2018-11-25 13:04:38',1,0,48),(368,'2018-11-25 13:07:05',NULL,NULL,NULL,1,0,39),(369,'2018-11-25 13:20:35','2018-11-25 13:20:59','2018-11-25 13:23:33','2018-11-25 13:24:00',1,0,27),(370,'2018-11-25 13:26:15',NULL,NULL,NULL,1,1,19),(371,'2018-11-25 13:38:59','2018-11-25 13:39:17','2018-11-25 13:39:37','2018-11-25 13:41:16',1,0,15),(372,'2018-11-25 13:42:57','2018-11-25 13:47:02','2018-11-25 13:59:24','2018-11-25 13:59:29',0,0,41),(373,'2018-11-25 14:03:02','2018-11-25 14:08:37',NULL,NULL,1,1,57),(374,'2018-11-25 14:09:56','2018-11-25 14:10:12','2018-11-25 14:14:00','2018-11-25 14:15:24',1,0,23),(375,'2018-11-25 14:19:55',NULL,NULL,NULL,1,1,47),(376,'2018-11-25 14:34:27','2018-11-25 14:35:00','2018-11-25 14:49:13','2018-11-25 14:57:10',0,0,55),(377,'2018-11-25 14:57:55',NULL,'2018-11-25 15:13:57',NULL,1,0,18),(378,'2018-11-25 15:14:40','2018-11-25 15:15:01','2018-11-25 15:15:13','2018-11-25 15:15:20',1,0,22),(379,'2018-11-25 15:17:43',NULL,NULL,NULL,1,0,47),(380,'2018-11-25 15:37:55','2018-11-25 15:38:29','2018-11-25 15:38:41','2018-11-25 15:38:48',1,0,5),(381,'2018-11-25 15:40:45','2018-11-25 15:47:33','2018-11-25 15:53:18','2018-11-25 15:55:12',1,0,30),(382,'2018-11-25 15:58:10','2018-11-25 15:59:17','2018-11-25 15:59:55','2018-11-25 16:00:05',1,0,25),(383,'2018-11-25 16:02:38','2018-11-25 16:06:37','2018-11-25 16:14:06','2018-11-25 16:16:24',1,0,22),(384,'2018-11-25 16:19:27',NULL,NULL,NULL,1,0,47),(385,'2018-11-25 16:31:43','2018-11-25 16:32:17',NULL,NULL,1,0,13),(386,'2018-11-25 16:33:32','2018-11-25 16:34:10',NULL,NULL,1,0,16),(387,'2018-11-25 16:40:04',NULL,NULL,NULL,1,0,42),(388,'2018-11-25 16:50:59',NULL,NULL,NULL,1,0,37),(389,'2018-11-25 16:51:16',NULL,NULL,NULL,1,0,37),(390,'2018-11-25 16:51:26','2018-11-25 16:51:31',NULL,NULL,1,0,59),(391,'2018-11-25 16:51:40','2018-11-25 16:51:54','2018-11-25 16:59:31','2018-11-25 16:59:37',1,0,44),(392,'2018-11-25 17:18:52','2018-11-25 17:24:42','2018-11-25 17:34:25','2018-11-25 17:34:40',0,0,34);
/*!40000 ALTER TABLE `gameinprogress` ENABLE KEYS */;
UNLOCK TABLES;

--
-- Table structure for table `gameset`
--

DROP TABLE IF EXISTS `gameset`;
/*!40101 SET @saved_cs_client     = @@character_set_client */;
/*!40101 SET character_set_client = utf8 */;
CREATE TABLE `gameset` (
  `idgame` int(11) NOT NULL AUTO_INCREMENT,
  `cableselect1` int(11) NOT NULL,
  `cableselect2` int(11) NOT NULL,
  `cableselect3` int(11) NOT NULL,
  `indice1` char(1) NOT NULL,
  `indice2` char(1) NOT NULL,
  `binary` char(8) NOT NULL,
  PRIMARY KEY (`idgame`)
) ENGINE=InnoDB AUTO_INCREMENT=61 DEFAULT CHARSET=utf8;
/*!40101 SET character_set_client = @saved_cs_client */;

--
-- Dumping data for table `gameset`
--

LOCK TABLES `gameset` WRITE;
/*!40000 ALTER TABLE `gameset` DISABLE KEYS */;
INSERT INTO `gameset` VALUES (1,1,2,3,'9','9','10011001'),(2,1,2,4,'B','C','10111100'),(3,1,2,5,'A','A','10101010'),(4,1,3,2,'B','7','10110111'),(5,1,3,4,'9','0','10010000'),(6,1,3,5,'9','2','10010010'),(7,1,4,2,'D','0','11010000'),(8,1,4,3,'9','C','10011100'),(9,1,4,5,'E','6','11100110'),(10,1,5,2,'C','9','11001001'),(11,1,5,3,'B','9','10111001'),(12,1,5,4,'A','8','10101000'),(13,2,1,3,'8','0','10000000'),(14,2,1,4,'C','D','11001101'),(15,2,1,5,'E','8','11101000'),(16,2,3,1,'9','A','10011010'),(17,2,3,4,'E','6','11100110'),(18,2,3,5,'C','5','11000101'),(19,2,4,1,'C','D','11001101'),(20,2,4,3,'9','D','10011101'),(21,2,4,5,'B','1','10110001'),(22,2,5,1,'B','E','10111110'),(23,2,5,3,'B','0','10110000'),(24,2,5,4,'A','A','10101010'),(25,3,1,2,'E','D','11101101'),(26,3,1,4,'8','C','10001100'),(27,3,1,5,'8','D','10001101'),(28,3,2,1,'9','7','10010111'),(29,3,2,4,'A','E','10101110'),(30,3,2,5,'D','3','11010011'),(31,3,4,1,'8','8','10001000'),(32,3,4,2,'C','9','11001001'),(33,3,4,5,'D','7','11010111'),(34,3,5,1,'A','6','10100110'),(35,3,5,2,'A','C','10101100'),(36,3,5,4,'9','E','10011110'),(37,4,1,2,'9','C','10011100'),(38,4,1,3,'9','6','10010110'),(39,4,1,5,'8','5','10000101'),(40,4,2,1,'E','0','11100000'),(41,4,2,3,'D','D','11011101'),(42,4,2,5,'8','0','10000000'),(43,4,3,1,'B','5','10110101'),(44,4,3,2,'C','E','11001110'),(45,4,3,5,'9','2','10010010'),(46,4,5,1,'8','B','10001011'),(47,4,5,2,'8','0','10000000'),(48,4,5,3,'D','C','11011100'),(49,5,1,2,'B','D','10111101'),(50,5,1,3,'8','0','10000000'),(51,5,1,4,'C','D','11001101'),(52,5,2,1,'A','1','10100001'),(53,5,2,3,'D','1','11010001'),(54,5,2,4,'C','3','11000011'),(55,5,3,1,'D','B','11011011'),(56,5,3,2,'B','E','10111110'),(57,5,3,4,'E','A','11101010'),(58,5,4,1,'B','3','10110011'),(59,5,4,2,'C','8','11001000'),(60,5,4,3,'9','7','10010111');
/*!40000 ALTER TABLE `gameset` ENABLE KEYS */;
UNLOCK TABLES;
/*!40103 SET TIME_ZONE=@OLD_TIME_ZONE */;

/*!40101 SET SQL_MODE=@OLD_SQL_MODE */;
/*!40014 SET FOREIGN_KEY_CHECKS=@OLD_FOREIGN_KEY_CHECKS */;
/*!40014 SET UNIQUE_CHECKS=@OLD_UNIQUE_CHECKS */;
/*!40101 SET CHARACTER_SET_CLIENT=@OLD_CHARACTER_SET_CLIENT */;
/*!40101 SET CHARACTER_SET_RESULTS=@OLD_CHARACTER_SET_RESULTS */;
/*!40101 SET COLLATION_CONNECTION=@OLD_COLLATION_CONNECTION */;
/*!40111 SET SQL_NOTES=@OLD_SQL_NOTES */;

-- Dump completed on 2018-11-27  9:36:15
