-- MySQL dump 10.15  Distrib 10.0.36-MariaDB, for debian-linux-gnueabihf (armv7l)
--
-- Host: localhost    Database: escapegame
-- ------------------------------------------------------
-- Server version	10.0.36-MariaDB-0+deb8u1

/*!40101 SET @OLD_CHARACTER_SET_CLIENT=@@CHARACTER_SET_CLIENT */;
/*!40101 SET @OLD_CHARACTER_SET_RESULTS=@@CHARACTER_SET_RESULTS */;
/*!40101 SET @OLD_COLLATION_CONNECTION=@@COLLATION_CONNECTION */;
/*!40101 SET NAMES utf8 */;
/*!40103 SET @OLD_TIME_ZONE=@@TIME_ZONE */;
/*!40103 SET TIME_ZONE='+00:00' */;
/*!40014 SET @OLD_UNIQUE_CHECKS=@@UNIQUE_CHECKS, UNIQUE_CHECKS=0 */;
/*!40014 SET @OLD_FOREIGN_KEY_CHECKS=@@FOREIGN_KEY_CHECKS, FOREIGN_KEY_CHECKS=0 */;
/*!40101 SET @OLD_SQL_MODE=@@SQL_MODE, SQL_MODE='NO_AUTO_VALUE_ON_ZERO' */;
/*!40111 SET @OLD_SQL_NOTES=@@SQL_NOTES, SQL_NOTES=0 */;

--
-- Table structure for table `cables`
--

DROP TABLE IF EXISTS `cables`;
/*!40101 SET @saved_cs_client     = @@character_set_client */;
/*!40101 SET character_set_client = utf8 */;
CREATE TABLE `cables` (
  `idcable` int(11) NOT NULL AUTO_INCREMENT,
  `namecable` text NOT NULL,
  `description` text,
  PRIMARY KEY (`idcable`)
) ENGINE=InnoDB AUTO_INCREMENT=6 DEFAULT CHARSET=utf8;
/*!40101 SET character_set_client = @saved_cs_client */;

--
-- Dumping data for table `cables`
--

LOCK TABLES `cables` WRITE;
/*!40000 ALTER TABLE `cables` DISABLE KEYS */;
INSERT INTO `cables` VALUES (1,'VGA',NULL),(2,'JACK',NULL),(3,'HDMI',NULL),(4,'DVI',NULL),(5,'USB',NULL);
/*!40000 ALTER TABLE `cables` ENABLE KEYS */;
UNLOCK TABLES;

--
-- Table structure for table `gameinprogress`
--

DROP TABLE IF EXISTS `gameinprogress`;
/*!40101 SET @saved_cs_client     = @@character_set_client */;
/*!40101 SET character_set_client = utf8 */;
CREATE TABLE `gameinprogress` (
  `idgameinprogress` int(11) NOT NULL AUTO_INCREMENT,
  `timestart` datetime NOT NULL,
  `timefirststep` datetime DEFAULT NULL,
  `timesecondestep` datetime DEFAULT NULL,
  `timeend` datetime DEFAULT NULL,
  `success` int(11) NOT NULL DEFAULT '1',
  `isvideoplayed` int(11) NOT NULL DEFAULT '0',
  `idgame` int(11) NOT NULL,
  PRIMARY KEY (`idgameinprogress`),
  KEY `idGame` (`idgame`),
  CONSTRAINT `gameinprogress_ibfk_1` FOREIGN KEY (`idgame`) REFERENCES `gameset` (`idgame`)
) ENGINE=InnoDB AUTO_INCREMENT=375 DEFAULT CHARSET=utf8;
/*!40101 SET character_set_client = @saved_cs_client */;

--
-- Dumping data for table `gameinprogress`
--

LOCK TABLES `gameinprogress` WRITE;
/*!40000 ALTER TABLE `gameinprogress` DISABLE KEYS */;
INSERT INTO `gameinprogress` VALUES (1,'2018-11-13 09:35:37',NULL,NULL,NULL,1,0,26),(2,'2018-11-13 10:53:36',NULL,NULL,NULL,1,0,15),(3,'2018-11-13 10:56:53',NULL,NULL,NULL,1,0,10),(4,'2018-11-13 11:01:49',NULL,NULL,NULL,1,0,10),(5,'2018-11-13 11:07:06',NULL,NULL,NULL,1,0,4),(6,'2018-11-13 11:07:24',NULL,NULL,NULL,1,0,36),(7,'2018-11-13 11:08:21','2018-11-13 11:08:52','2018-11-13 11:09:03','2018-11-13 11:09:10',1,0,32),(8,'2018-11-13 11:10:31',NULL,NULL,NULL,1,0,7),(9,'2018-11-13 11:16:47',NULL,NULL,NULL,1,0,37),(10,'2018-11-13 11:19:03',NULL,NULL,NULL,1,0,31),(11,'2018-11-13 11:28:10',NULL,NULL,NULL,1,0,47),(12,'2018-11-13 11:39:49',NULL,NULL,NULL,1,0,55),(13,'2018-11-13 11:40:15',NULL,'2018-11-13 13:19:07',NULL,1,1,5),(14,'2018-11-13 13:20:54',NULL,NULL,NULL,1,1,57),(15,'2018-11-13 13:22:24',NULL,NULL,NULL,1,1,50),(16,'2018-11-13 13:24:11',NULL,'2018-11-13 13:25:22',NULL,1,0,14),(17,'2018-11-13 13:33:19',NULL,NULL,NULL,1,0,32),(18,'2018-11-13 14:10:56',NULL,NULL,NULL,1,1,13),(19,'2018-11-13 14:10:58','2018-11-13 14:14:31',NULL,NULL,1,1,14),(20,'2018-11-13 14:55:58',NULL,NULL,NULL,1,1,4),(21,'2018-11-13 15:52:13',NULL,NULL,NULL,1,0,34),(22,'2018-11-13 15:57:00',NULL,NULL,NULL,1,0,5),(23,'2018-11-13 16:52:20','2018-11-13 16:54:04','2018-11-13 16:55:10','2018-11-13 16:55:54',1,0,45),(24,'2018-11-13 16:57:48',NULL,NULL,NULL,1,0,40),(25,'2018-11-13 17:03:18','2018-11-13 17:03:27','2018-11-13 17:03:37','2018-11-13 17:04:18',1,0,4),(26,'2018-11-13 17:05:06','2018-11-13 17:05:25','2018-11-13 17:05:45','2018-11-13 17:06:41',1,0,48),(27,'2018-11-13 17:06:53','2018-11-13 17:07:07','2018-11-13 17:07:12','2018-11-13 17:07:34',1,0,56),(28,'2018-11-13 17:07:53',NULL,NULL,NULL,1,1,51),(29,'2018-11-13 17:10:34','2018-11-13 17:10:38',NULL,NULL,1,1,12),(30,'2018-11-13 17:11:35',NULL,NULL,NULL,1,0,32),(31,'2018-11-13 17:11:58',NULL,NULL,NULL,1,0,47),(32,'2018-11-13 17:12:00',NULL,NULL,NULL,1,0,60),(33,'2018-11-13 17:12:02',NULL,NULL,NULL,1,0,9),(34,'2018-11-13 17:12:03',NULL,NULL,NULL,1,0,16),(35,'2018-11-13 17:13:13','2018-11-13 17:14:59',NULL,NULL,1,0,35),(36,'2018-11-13 17:17:17','2018-11-13 17:18:13',NULL,NULL,1,0,6),(37,'2018-11-13 17:22:33','2018-11-13 17:22:45',NULL,NULL,1,0,18),(38,'2018-11-13 17:26:08','2018-11-13 17:28:03',NULL,NULL,1,1,44),(39,'2018-11-13 17:31:54',NULL,NULL,NULL,1,0,59),(40,'2018-11-14 07:39:12',NULL,NULL,NULL,1,1,28),(41,'2018-11-14 07:42:23',NULL,NULL,NULL,1,1,21),(42,'2018-11-14 07:44:13','2018-11-14 08:06:14',NULL,NULL,1,0,44),(43,'2018-11-14 08:34:46',NULL,NULL,NULL,1,0,31),(44,'2018-11-14 08:47:31',NULL,NULL,NULL,1,0,54),(45,'2018-11-14 12:19:27',NULL,NULL,NULL,1,0,5),(46,'2018-11-14 12:23:48',NULL,NULL,NULL,1,1,32),(47,'2018-11-14 12:24:52',NULL,NULL,NULL,1,0,57),(48,'2018-11-14 12:26:25','2018-11-14 12:28:15',NULL,NULL,1,0,1),(49,'2018-11-14 12:49:49',NULL,NULL,NULL,1,1,5),(50,'2018-11-14 12:50:38','2018-11-14 12:51:09',NULL,NULL,1,0,27),(51,'2018-11-14 12:52:05',NULL,NULL,NULL,1,0,48),(52,'2018-11-14 12:52:53','2018-11-14 13:11:03',NULL,NULL,1,0,59),(53,'2018-11-14 13:19:09',NULL,NULL,NULL,1,0,1),(54,'2018-11-14 13:20:55','2018-11-14 13:22:51',NULL,NULL,1,0,24),(55,'2018-11-14 13:24:19',NULL,NULL,NULL,1,0,46),(56,'2018-11-14 13:29:32',NULL,NULL,NULL,1,0,33),(57,'2018-11-14 13:30:17','2018-11-14 13:30:59',NULL,NULL,1,0,23),(58,'2018-11-14 13:34:36','2018-11-14 13:35:04',NULL,NULL,1,0,59),(59,'2018-11-14 13:38:12','2018-11-14 13:38:32',NULL,NULL,1,0,3),(60,'2018-11-14 13:42:23','2018-11-14 13:42:26',NULL,NULL,1,0,52),(61,'2018-11-14 13:43:06','2018-11-14 13:43:29','2018-11-14 13:49:32','2018-11-14 13:46:44',1,0,35),(62,'2018-11-14 13:49:45','2018-11-14 13:50:02','2018-11-14 13:50:08',NULL,1,0,55),(63,'2018-11-14 13:54:05',NULL,'2018-11-14 13:57:37',NULL,1,0,5),(64,'2018-11-14 14:01:10',NULL,NULL,NULL,1,0,43),(65,'2018-11-14 14:01:59',NULL,NULL,NULL,1,0,24),(66,'2018-11-14 14:02:33',NULL,'2018-11-14 14:03:22',NULL,1,1,48),(67,'2018-11-14 14:04:21',NULL,NULL,NULL,1,0,9),(68,'2018-11-14 14:08:30','2018-11-14 14:09:59','2018-11-14 14:10:24','2018-11-14 14:11:18',1,0,11),(69,'2018-11-14 14:12:16','2018-11-14 14:12:53',NULL,NULL,1,0,28),(70,'2018-11-14 14:15:11',NULL,NULL,NULL,1,0,29),(71,'2018-11-14 14:19:56','2018-11-14 14:20:19','2018-11-14 14:20:41','2018-11-14 14:21:33',1,0,38),(72,'2018-11-14 14:25:18',NULL,NULL,NULL,1,0,42),(73,'2018-11-14 14:28:04','2018-11-14 14:31:10','2018-11-14 14:32:46','2018-11-14 14:33:30',1,0,57),(74,'2018-11-14 14:35:10',NULL,'2018-11-14 14:57:43',NULL,1,1,14),(75,'2018-11-14 15:00:46','2018-11-14 15:02:27','2018-11-14 15:02:45','2018-11-14 15:04:32',1,0,48),(76,'2018-11-14 15:13:52',NULL,NULL,NULL,1,0,38),(77,'2018-11-14 15:16:58',NULL,NULL,NULL,1,0,2),(78,'2018-11-14 15:39:38',NULL,NULL,NULL,1,0,37),(79,'2018-11-14 15:43:14',NULL,NULL,NULL,1,0,44),(80,'2018-11-14 15:45:40','2018-11-15 09:43:22','2018-11-15 09:40:56',NULL,1,1,22),(81,'2018-11-15 12:33:41',NULL,NULL,NULL,1,0,21),(82,'2018-11-15 13:56:12','2018-11-15 13:59:09','2018-11-15 13:59:31',NULL,1,1,57),(83,'2018-11-15 13:59:38','2018-11-15 14:02:16','2018-11-15 14:04:37',NULL,1,0,2),(84,'2018-11-15 14:04:46','2018-11-15 14:07:49','2018-11-15 14:25:06','2018-11-15 14:25:26',0,0,49),(85,'2018-11-15 14:27:16','2018-11-15 14:28:19','2018-11-15 14:30:47','2018-11-15 14:31:47',1,0,16),(86,'2018-11-15 14:32:11',NULL,NULL,NULL,1,0,44),(87,'2018-11-19 18:47:50',NULL,NULL,NULL,1,0,10),(88,'2018-11-19 18:56:26','2018-11-19 18:57:04','2018-11-19 18:57:25','2018-11-19 18:57:48',1,0,17),(89,'2018-11-19 18:58:03',NULL,NULL,NULL,1,0,21),(90,'2018-11-19 19:14:07','2018-11-19 19:14:59',NULL,NULL,1,0,42),(91,'2018-11-19 19:15:09','2018-11-19 19:15:56','2018-11-19 19:16:13','2018-11-19 19:16:30',1,0,48),(92,'2018-11-19 19:16:52',NULL,NULL,NULL,1,0,12),(93,'2018-11-19 19:26:39','2018-11-19 19:27:28','2018-11-19 19:32:27','2018-11-19 19:32:51',1,0,14),(94,'2018-11-19 19:33:04','2018-11-19 19:33:26','2018-11-19 19:33:43','2018-11-19 19:33:55',1,0,33),(95,'2018-11-19 19:34:35','2018-11-19 19:35:04','2018-11-19 19:35:17','2018-11-19 19:35:32',1,0,27),(96,'2018-11-19 19:37:26','2018-11-19 19:38:45','2018-11-19 19:39:10','2018-11-19 19:39:38',1,0,22),(97,'2018-11-19 19:41:01','2018-11-19 19:50:38','2018-11-19 19:45:27','2018-11-19 19:46:09',1,0,10),(98,'2018-11-20 08:09:38',NULL,NULL,NULL,1,0,56),(99,'2018-11-20 08:11:39',NULL,NULL,NULL,1,0,49),(100,'2018-11-20 08:29:56','2018-11-20 08:30:18','2018-11-20 08:30:34','2018-11-20 08:30:47',1,0,22),(101,'2018-11-20 08:36:30',NULL,NULL,NULL,1,0,8),(102,'2018-11-20 08:51:32',NULL,NULL,NULL,1,0,39),(103,'2018-11-20 08:55:05','2018-11-20 08:57:38','2018-11-20 08:59:29','2018-11-20 09:01:55',1,0,52),(104,'2018-11-20 09:19:50',NULL,NULL,NULL,1,0,10),(105,'2018-11-20 09:20:19',NULL,NULL,NULL,1,0,28),(106,'2018-11-20 09:25:32','2018-11-20 09:26:11','2018-11-20 09:26:22','2018-11-20 09:26:32',1,0,3),(107,'2018-11-20 09:35:17','2018-11-20 09:46:55','2018-11-20 09:47:35','2018-11-20 09:48:36',1,0,24),(108,'2018-11-20 09:49:52',NULL,NULL,NULL,1,0,22),(109,'2018-11-20 09:51:05','2018-11-20 09:52:06',NULL,NULL,1,0,10),(110,'2018-11-20 09:56:07','2018-11-20 10:00:12','2018-11-20 10:06:14','2018-11-20 10:03:14',1,0,16),(111,'2018-11-20 10:07:09','2018-11-20 10:16:21','2018-11-20 10:18:19','2018-11-20 10:19:01',1,0,49),(112,'2018-11-20 10:20:25','2018-11-20 10:28:05','2018-11-20 10:30:36','2018-11-20 10:33:23',1,0,35),(113,'2018-11-20 10:34:46','2018-11-20 10:44:30','2018-11-20 10:47:36','2018-11-20 10:48:23',1,0,33),(114,'2018-11-20 10:51:44','2018-11-20 10:55:33','2018-11-20 11:02:15','2018-11-20 11:00:42',1,0,13),(115,'2018-11-20 11:03:47','2018-11-20 11:07:13','2018-11-20 11:10:46','2018-11-20 11:10:53',1,0,1),(116,'2018-11-20 11:13:42','2018-11-20 11:17:25','2018-11-20 11:22:08','2018-11-20 11:24:17',1,0,55),(117,'2018-11-20 11:33:03','2018-11-20 11:37:37','2018-11-20 11:41:01','2018-11-20 11:43:07',1,0,57),(118,'2018-11-20 11:46:14','2018-11-20 11:48:09','2018-11-20 11:52:25','2018-11-20 11:54:10',1,0,30),(119,'2018-11-20 11:56:28','2018-11-20 12:00:23','2018-11-20 12:07:55','2018-11-20 12:09:08',1,0,35),(120,'2018-11-20 12:10:24','2018-11-20 12:14:25','2018-11-20 12:21:23','2018-11-20 12:22:33',1,0,47),(121,'2018-11-20 12:23:54','2018-11-20 12:28:14',NULL,NULL,1,0,40),(122,'2018-11-20 12:41:15','2018-11-20 12:44:04','2018-11-20 12:49:10','2018-11-20 12:50:06',1,0,21),(123,'2018-11-20 12:51:16','2018-11-20 12:56:31','2018-11-20 13:07:51','2018-11-20 13:08:10',0,0,56),(124,'2018-11-20 13:09:06','2018-11-20 13:17:12','2018-11-20 13:20:22','2018-11-20 13:22:35',1,0,34),(125,'2018-11-20 13:24:16','2018-11-20 13:26:46','2018-11-20 13:29:41','2018-11-20 13:36:03',1,0,23),(126,'2018-11-20 13:37:43','2018-11-20 13:41:24','2018-11-20 13:49:58','2018-11-20 13:51:32',1,0,30),(127,'2018-11-20 13:55:33','2018-11-20 13:57:03','2018-11-20 14:02:06','2018-11-20 14:03:50',1,0,26),(128,'2018-11-20 14:06:23','2018-11-20 14:15:39','2018-11-20 14:22:47','2018-11-20 14:23:00',0,0,59),(129,'2018-11-20 14:23:57',NULL,NULL,NULL,1,0,55),(130,'2018-11-20 14:24:39','2018-11-20 14:27:32','2018-11-20 14:33:50','2018-11-20 14:36:07',1,0,50),(131,'2018-11-20 14:37:47','2018-11-20 14:54:07','2018-11-20 14:54:11','2018-11-20 14:54:24',0,0,7),(132,'2018-11-20 14:54:36','2018-11-20 14:54:56','2018-11-20 14:55:23','2018-11-20 14:55:27',1,0,7),(133,'2018-11-20 14:55:34','2018-11-20 14:55:50','2018-11-20 14:55:59','2018-11-20 14:56:08',1,0,19),(134,'2018-11-20 14:56:22','2018-11-20 14:56:54','2018-11-20 14:57:04','2018-11-20 14:57:22',1,0,55),(135,'2018-11-20 14:58:13','2018-11-20 15:00:45','2018-11-20 15:06:44','2018-11-20 15:10:28',1,0,43),(136,'2018-11-20 15:12:45','2018-11-20 15:17:44','2018-11-20 15:26:31','2018-11-20 15:28:01',0,0,49),(137,'2018-11-20 15:30:10','2018-11-20 15:33:40','2018-11-20 15:36:17','2018-11-20 15:38:15',1,0,9),(138,'2018-11-20 15:40:36','2018-11-20 15:43:33','2018-11-20 15:46:51','2018-11-20 15:47:53',1,0,9),(139,'2018-11-20 15:52:48','2018-11-20 15:53:20','2018-11-20 15:53:55','2018-11-20 15:54:12',1,0,60),(140,'2018-11-20 15:56:00','2018-11-20 15:59:04','2018-11-20 16:06:16','2018-11-20 16:06:48',1,0,36),(141,'2018-11-20 16:09:02','2018-11-20 16:09:07','2018-11-20 16:11:39','2018-11-20 16:11:51',1,0,33),(142,'2018-11-20 16:11:59','2018-11-20 16:13:39','2018-11-20 16:15:13','2018-11-20 16:16:19',1,0,21),(143,'2018-11-20 16:20:40','2018-11-20 16:24:56','2018-11-20 16:29:53','2018-11-20 16:31:10',1,0,24),(144,'2018-11-20 16:35:41','2018-11-20 16:38:32','2018-11-20 16:44:01','2018-11-20 16:47:32',1,0,44),(145,'2018-11-20 16:56:07','2018-11-20 16:57:55','2018-11-20 16:59:15','2018-11-20 17:00:42',1,0,59),(146,'2018-11-20 17:04:08','2018-11-20 17:06:43','2018-11-20 17:10:23','2018-11-20 17:12:37',1,0,17),(147,'2018-11-20 17:22:39','2018-11-20 17:24:44','2018-11-20 17:37:21','2018-11-20 17:38:29',0,0,1),(148,'2018-11-20 17:43:42','2018-11-20 17:45:41','2018-11-20 17:54:08','2018-11-20 17:55:01',1,0,56),(149,'2018-11-21 08:24:15','2018-11-21 08:29:01','2018-11-21 08:30:02','2018-11-21 08:30:52',1,0,56),(150,'2018-11-21 08:33:15','2018-11-21 08:34:15','2018-11-21 08:34:26','2018-11-21 08:34:42',1,0,28),(151,'2018-11-21 09:16:37','2018-11-21 09:21:09','2018-11-21 09:29:24','2018-11-21 09:31:37',1,0,35),(152,'2018-11-21 09:35:06','2018-11-21 09:38:23','2018-11-21 09:50:21',NULL,1,0,16),(153,'2018-11-21 09:54:50','2018-11-21 10:04:18','2018-11-21 10:11:19',NULL,1,0,38),(154,'2018-11-21 10:16:00','2018-11-21 10:24:30','2018-11-21 10:32:55',NULL,1,0,28),(155,'2018-11-21 10:34:42','2018-11-21 10:39:33','2018-11-21 10:46:16','2018-11-21 10:47:33',1,0,55),(156,'2018-11-21 10:54:02','2018-11-21 10:56:40','2018-11-21 11:03:23','2018-11-21 11:05:34',1,0,49),(157,'2018-11-21 11:07:53','2018-11-21 11:11:47','2018-11-21 11:20:10','2018-11-21 11:20:57',1,0,23),(158,'2018-11-21 11:26:12','2018-11-21 11:30:56','2018-11-21 11:34:13','2018-11-21 11:34:27',1,0,44),(159,'2018-11-21 11:38:54','2018-11-21 11:42:34','2018-11-21 11:45:50','2018-11-21 11:47:29',1,0,56),(160,'2018-11-21 12:12:32','2018-11-21 12:14:49','2018-11-21 12:15:00','2018-11-21 12:15:16',1,0,19),(161,'2018-11-21 12:17:49','2018-11-21 12:26:11','2018-11-21 12:29:58','2018-11-21 12:31:14',1,0,47),(162,'2018-11-21 12:34:02','2018-11-21 12:43:12','2018-11-21 12:51:53','2018-11-21 12:51:59',0,0,31),(163,'2018-11-21 12:55:23','2018-11-21 12:57:06','2018-11-21 12:57:47','2018-11-21 12:58:08',1,0,2),(164,'2018-11-21 12:59:41','2018-11-21 13:05:22','2018-11-21 13:08:45','2018-11-21 13:10:47',1,0,35),(165,'2018-11-21 13:20:34','2018-11-21 13:24:38','2018-11-21 13:27:07','2018-11-21 13:28:40',1,0,33),(166,'2018-11-21 13:44:15','2018-11-21 13:47:34','2018-11-21 13:50:10','2018-11-21 13:52:37',1,0,4),(167,'2018-11-21 13:54:04','2018-11-21 13:59:45','2018-11-21 14:01:57','2018-11-21 14:03:03',1,0,22),(168,'2018-11-21 14:04:25','2018-11-21 14:07:24','2018-11-21 14:11:34','2018-11-21 14:12:40',1,0,6),(169,'2018-11-21 14:32:27','2018-11-21 14:40:11','2018-11-21 14:44:24','2018-11-21 14:45:14',1,0,58),(170,'2018-11-21 14:50:51','2018-11-21 14:54:31','2018-11-21 14:56:07','2018-11-21 14:58:28',1,0,28),(171,'2018-11-21 15:00:49','2018-11-21 15:04:44','2018-11-21 15:08:16','2018-11-21 15:13:58',1,0,25),(172,'2018-11-21 15:25:08','2018-11-21 15:29:45','2018-11-21 15:32:14','2018-11-21 15:38:13',1,0,45),(173,'2018-11-21 15:42:14','2018-11-21 15:47:41','2018-11-21 15:49:44','2018-11-21 15:51:09',1,0,29),(174,'2018-11-21 15:53:20','2018-11-21 15:59:16','2018-11-21 16:03:12','2018-11-21 16:04:25',1,0,14),(175,'2018-11-21 16:18:44','2018-11-21 16:21:47','2018-11-21 16:26:00','2018-11-21 16:26:58',1,0,4),(176,'2018-11-21 16:34:09','2018-11-21 16:39:11','2018-11-21 16:42:26','2018-11-21 16:46:15',1,0,34),(177,'2018-11-21 16:52:34','2018-11-21 16:58:48','2018-11-21 17:05:11','2018-11-21 17:06:31',1,0,42),(178,'2018-11-21 17:28:09',NULL,NULL,NULL,1,0,36),(179,'2018-11-21 17:38:46','2018-11-21 17:42:08','2018-11-21 17:45:20','2018-11-21 17:46:13',1,0,42),(180,'2018-11-21 18:05:54','2018-11-21 18:09:16','2018-11-21 18:13:56','2018-11-21 18:15:15',1,0,11),(181,'2018-11-21 18:17:11','2018-11-21 18:19:35','2018-11-21 18:23:44','2018-11-21 18:24:59',1,0,44),(182,'2018-11-21 18:40:40',NULL,NULL,NULL,1,0,26),(183,'2018-11-21 19:18:19','2018-11-21 19:24:30','2018-11-21 19:26:58','2018-11-21 19:27:52',1,0,46),(184,'2018-11-21 19:29:12','2018-11-21 19:33:42','2018-11-21 19:37:29','2018-11-21 19:38:35',1,0,50),(185,'2018-11-21 19:42:53','2018-11-21 19:51:21','2018-11-22 08:33:05','2018-11-22 08:33:31',0,0,11),(186,'2018-11-22 08:34:21','2018-11-22 08:35:33','2018-11-22 08:35:46',NULL,1,0,18),(187,'2018-11-22 08:44:04','2018-11-22 08:49:36','2018-11-22 08:49:54','2018-11-22 08:50:06',1,0,32),(188,'2018-11-22 08:50:36','2018-11-22 08:51:43','2018-11-22 08:51:53','2018-11-22 08:52:03',1,0,17),(189,'2018-11-22 08:53:42','2018-11-22 09:00:56','2018-11-22 09:04:43',NULL,1,0,51),(190,'2018-11-22 09:08:53','2018-11-22 09:09:24','2018-11-22 09:09:41',NULL,1,0,12),(191,'2018-11-22 09:13:17',NULL,NULL,NULL,1,0,8),(192,'2018-11-22 09:18:20','2018-11-22 09:25:23','2018-11-22 09:34:26','2018-11-22 09:34:47',0,0,28),(193,'2018-11-22 09:39:40',NULL,NULL,NULL,1,0,20),(194,'2018-11-22 09:40:46',NULL,NULL,NULL,1,0,24),(195,'2018-11-22 09:41:36','2018-11-22 09:50:36','2018-11-22 09:57:32','2018-11-22 09:58:00',0,0,45),(196,'2018-11-22 09:59:29','2018-11-22 10:03:06','2018-11-22 10:05:38','2018-11-22 10:06:37',1,0,22),(197,'2018-11-22 10:17:55','2018-11-22 10:24:37','2018-11-22 10:33:23','2018-11-22 10:34:15',0,0,54),(198,'2018-11-22 10:35:11',NULL,NULL,NULL,1,0,56),(199,'2018-11-22 10:37:23','2018-11-22 10:44:07','2018-11-22 10:51:12','2018-11-22 10:52:28',0,0,41),(200,'2018-11-22 10:53:04','2018-11-22 10:53:39','2018-11-22 10:54:33','2018-11-22 10:55:17',1,0,55),(201,'2018-11-22 10:58:23','2018-11-22 11:03:46','2018-11-22 11:08:55','2018-11-22 11:09:06',1,0,53),(202,'2018-11-22 11:14:23','2018-11-22 11:15:33','2018-11-22 11:16:37','2018-11-22 11:16:50',1,0,12),(203,'2018-11-22 11:18:38','2018-11-22 11:26:12','2018-11-22 11:29:07','2018-11-22 11:29:42',1,0,49),(204,'2018-11-22 11:35:20',NULL,NULL,NULL,1,0,26),(205,'2018-11-22 11:36:26','2018-11-22 11:41:31','2018-11-22 11:44:40','2018-11-22 11:45:56',1,0,5),(206,'2018-11-22 11:51:15','2018-11-22 11:53:40','2018-11-22 11:56:09','2018-11-22 11:59:37',1,0,52),(207,'2018-11-22 12:05:57','2018-11-22 12:12:37','2018-11-22 12:15:52','2018-11-22 12:16:58',1,0,8),(208,'2018-11-22 12:17:40','2018-11-22 12:18:11',NULL,NULL,1,0,5),(209,'2018-11-22 12:21:49','2018-11-22 12:28:12','2018-11-22 12:33:53','2018-11-22 12:34:49',1,0,47),(210,'2018-11-22 12:37:36','2018-11-22 12:42:11','2018-11-22 12:44:11','2018-11-22 12:45:26',1,0,53),(211,'2018-11-22 12:55:21','2018-11-22 13:00:17','2018-11-22 13:03:59','2018-11-22 13:05:42',1,0,9),(212,'2018-11-22 13:13:11','2018-11-22 13:16:06','2018-11-22 13:21:14','2018-11-22 13:22:33',1,0,21),(213,'2018-11-22 13:23:15','2018-11-22 13:23:29','2018-11-22 13:24:21','2018-11-22 13:24:28',1,0,11),(214,'2018-11-22 13:35:09','2018-11-22 13:43:39','2018-11-22 13:47:25','2018-11-22 13:47:58',1,0,45),(215,'2018-11-22 13:53:13','2018-11-22 13:57:31','2018-11-22 14:00:30','2018-11-22 14:01:33',1,0,12),(216,'2018-11-22 14:05:09',NULL,NULL,NULL,1,1,56),(217,'2018-11-22 14:08:22',NULL,NULL,NULL,1,0,29),(218,'2018-11-22 14:12:25','2018-11-22 14:12:44','2018-11-22 14:12:55','2018-11-22 14:13:12',1,0,20),(219,'2018-11-22 14:14:34','2018-11-22 14:16:45','2018-11-22 14:18:48','2018-11-22 14:19:35',1,0,21),(220,'2018-11-22 14:21:29','2018-11-22 14:28:06','2018-11-22 14:30:36','2018-11-22 14:31:25',1,0,38),(221,'2018-11-22 14:32:58','2018-11-22 14:35:59','2018-11-22 14:38:49','2018-11-22 14:39:42',1,0,7),(222,'2018-11-22 14:46:26','2018-11-22 14:48:41','2018-11-22 14:51:08','2018-11-22 14:52:02',1,0,50),(223,'2018-11-22 14:53:07','2018-11-22 14:56:16','2018-11-22 15:03:58','2018-11-22 15:04:35',1,0,29),(224,'2018-11-22 15:08:02','2018-11-22 15:12:23','2018-11-22 15:15:22','2018-11-22 15:16:12',1,0,12),(225,'2018-11-22 15:17:26','2018-11-22 15:22:11','2018-11-22 15:27:06','2018-11-22 15:27:52',1,0,41),(226,'2018-11-22 15:31:34','2018-11-22 15:35:44','2018-11-22 15:42:23','2018-11-22 15:43:21',1,0,44),(227,'2018-11-22 15:45:48','2018-11-22 15:52:15','2018-11-22 15:55:31','2018-11-22 15:55:40',1,0,44),(228,'2018-11-22 15:56:12','2018-11-22 16:00:22','2018-11-22 16:03:37','2018-11-22 16:07:44',1,0,57),(229,'2018-11-22 16:08:14','2018-11-22 16:11:59','2018-11-22 16:16:08','2018-11-22 16:18:16',1,0,22),(230,'2018-11-22 16:20:24','2018-11-22 16:21:01','2018-11-22 16:21:19','2018-11-22 16:21:31',1,0,40),(231,'2018-11-22 16:22:53','2018-11-22 16:27:47','2018-11-22 16:30:02','2018-11-22 16:31:30',1,0,25),(232,'2018-11-22 16:35:06','2018-11-22 16:42:25','2018-11-22 16:48:17','2018-11-22 16:49:32',1,0,31),(233,'2018-11-22 16:57:43','2018-11-22 17:03:55','2018-11-22 17:07:19','2018-11-22 17:09:26',1,0,5),(234,'2018-11-22 17:14:33','2018-11-22 17:16:55','2018-11-22 17:19:26','2018-11-22 17:20:28',1,0,41),(235,'2018-11-22 17:31:34','2018-11-22 17:40:03','2018-11-22 17:46:09','2018-11-22 17:48:57',0,0,33),(236,'2018-11-23 07:57:24',NULL,NULL,NULL,1,0,30),(237,'2018-11-23 08:06:10','2018-11-23 08:08:32','2018-11-23 08:08:40','2018-11-23 08:08:55',1,0,57),(238,'2018-11-23 08:10:52',NULL,NULL,'2018-11-23 08:15:40',1,0,1),(239,'2018-11-23 08:15:51',NULL,NULL,NULL,1,0,11),(240,'2018-11-23 08:36:58','2018-11-23 08:37:18','2018-11-23 08:37:26','2018-11-23 08:37:35',1,0,13),(241,'2018-11-23 08:45:30',NULL,'2018-11-23 08:52:16',NULL,1,0,48),(242,'2018-11-23 08:58:02','2018-11-23 08:58:26','2018-11-23 08:58:37','2018-11-23 08:58:45',1,0,23),(243,'2018-11-23 09:01:31','2018-11-23 09:08:29','2018-11-23 09:10:46','2018-11-23 09:11:26',1,0,13),(244,'2018-11-23 09:13:02','2018-11-23 09:16:27','2018-11-23 09:19:45','2018-11-23 09:20:34',1,0,19),(245,'2018-11-23 09:21:47','2018-11-23 09:28:33','2018-11-23 09:32:31','2018-11-23 09:33:42',1,0,15),(246,'2018-11-23 09:40:38','2018-11-23 09:44:08','2018-11-23 09:47:57','2018-11-23 09:51:53',1,0,57),(247,'2018-11-23 09:54:57','2018-11-23 10:04:23','2018-11-23 10:06:23','2018-11-23 10:06:53',1,0,41),(248,'2018-11-23 10:08:18','2018-11-23 10:12:15','2018-11-23 10:14:03','2018-11-23 10:15:24',1,0,3),(249,'2018-11-23 10:24:47','2018-11-23 10:30:52','2018-11-23 10:34:41','2018-11-23 10:35:52',1,0,21),(250,'2018-11-23 10:38:19','2018-11-23 10:42:52','2018-11-23 10:46:57','2018-11-23 10:47:45',1,0,28),(251,'2018-11-23 10:49:02','2018-11-23 10:53:07','2018-11-23 10:59:30','2018-11-23 11:00:46',1,0,18),(252,'2018-11-23 11:02:59','2018-11-23 11:04:31','2018-11-23 11:15:51','2018-11-23 11:17:30',1,0,53),(253,'2018-11-23 11:36:04','2018-11-23 11:40:21','2018-11-23 11:43:45','2018-11-23 11:43:59',1,0,24),(254,'2018-11-23 11:57:32','2018-11-23 12:03:59','2018-11-23 12:09:54','2018-11-23 12:10:40',1,0,36),(255,'2018-11-23 12:13:43','2018-11-23 12:20:36',NULL,NULL,1,0,13),(256,'2018-11-23 12:29:23','2018-11-23 12:29:56','2018-11-23 12:30:05','2018-11-23 12:30:10',1,0,42),(257,'2018-11-23 12:34:58','2018-11-23 12:41:44','2018-11-23 12:44:27','2018-11-23 12:46:33',1,0,13),(258,'2018-11-23 12:52:38',NULL,NULL,'2018-11-23 12:52:56',1,0,3),(259,'2018-11-23 12:53:13','2018-11-23 12:58:35',NULL,NULL,1,0,14),(260,'2018-11-23 13:02:48','2018-11-23 13:06:28','2018-11-23 13:09:12','2018-11-23 13:11:25',1,0,7),(261,'2018-11-23 13:12:43','2018-11-23 13:13:14','2018-11-23 13:13:26','2018-11-23 13:13:46',1,0,39),(262,'2018-11-23 13:18:10','2018-11-23 13:21:50','2018-11-23 13:23:15','2018-11-23 13:24:39',1,0,41),(263,'2018-11-23 13:33:59','2018-11-23 13:40:34','2018-11-23 13:41:56','2018-11-23 13:42:44',1,0,44),(264,'2018-11-23 14:06:52','2018-11-23 14:11:21',NULL,NULL,1,0,41),(265,'2018-11-23 14:18:07','2018-11-23 14:25:15','2018-11-23 14:31:23','2018-11-23 14:32:20',1,0,49),(266,'2018-11-23 14:32:49',NULL,NULL,NULL,1,0,20),(267,'2018-11-23 14:56:26',NULL,NULL,NULL,1,0,25),(268,'2018-11-23 15:10:22',NULL,NULL,NULL,1,0,32),(269,'2018-11-23 15:11:23','2018-11-23 15:11:53','2018-11-23 15:19:47','2018-11-23 15:21:11',1,0,36),(270,'2018-11-23 15:21:59','2018-11-23 15:26:21','2018-11-23 15:29:28','2018-11-23 15:30:27',1,0,6),(271,'2018-11-23 15:31:46','2018-11-23 15:39:17','2018-11-23 15:42:36','2018-11-23 15:43:10',1,0,9),(272,'2018-11-23 15:50:38','2018-11-23 15:57:20','2018-11-23 16:00:15','2018-11-23 16:01:22',1,0,40),(273,'2018-11-23 16:02:29','2018-11-23 16:09:07','2018-11-23 16:13:30','2018-11-23 16:15:02',1,0,14),(274,'2018-11-23 16:15:50',NULL,NULL,NULL,1,0,23),(275,'2018-11-23 16:21:44','2018-11-23 16:29:38','2018-11-23 16:36:40','2018-11-23 16:37:37',0,0,29),(276,'2018-11-23 16:38:26',NULL,NULL,NULL,1,0,13),(277,'2018-11-23 16:42:21','2018-11-23 16:47:51','2018-11-23 16:49:31','2018-11-23 16:50:50',1,0,38),(278,'2018-11-23 16:51:04',NULL,NULL,NULL,1,0,33),(279,'2018-11-23 16:54:52','2018-11-23 16:58:29','2018-11-23 17:01:49','2018-11-23 17:02:33',1,0,20),(280,'2018-11-23 17:04:12',NULL,NULL,NULL,1,0,24),(281,'2018-11-23 17:07:54','2018-11-23 17:10:38','2018-11-23 17:14:34','2018-11-23 17:16:14',1,0,50),(282,'2018-11-23 17:19:09','2018-11-23 17:23:14','2018-11-23 17:25:55','2018-11-23 17:27:39',1,0,15),(283,'2018-11-23 17:29:29',NULL,NULL,NULL,1,0,54),(284,'2018-11-23 17:31:40','2018-11-23 17:34:43','2018-11-23 17:37:17','2018-11-23 17:37:57',1,0,40),(285,'2018-11-23 17:38:39',NULL,NULL,NULL,1,0,43),(286,'2018-11-23 17:43:09','2018-11-23 17:45:39','2018-11-23 17:48:38','2018-11-23 17:49:01',1,0,1),(287,'2018-11-23 17:50:41','2018-11-23 17:56:54','2018-11-23 17:58:41','2018-11-23 17:58:50',1,0,47),(288,'2018-11-23 18:02:42','2018-11-23 18:05:10','2018-11-23 18:07:32','2018-11-23 18:09:14',1,0,13),(289,'2018-11-23 18:12:03','2018-11-23 18:13:35','2018-11-23 18:14:23','2018-11-23 18:14:20',1,0,47),(290,'2018-11-23 18:21:50','2018-11-23 18:24:24','2018-11-23 18:26:31','2018-11-23 18:28:38',1,0,47),(291,'2018-11-23 18:43:31','2018-11-23 18:48:49','2018-11-23 18:53:03','2018-11-23 18:55:20',1,0,59),(292,'2018-11-23 18:58:55','2018-11-23 19:06:20','2018-11-23 19:09:02','2018-11-23 19:09:36',1,0,54),(293,'2018-11-23 19:20:12','2018-11-23 19:26:53','2018-11-23 19:29:01','2018-11-23 19:30:16',1,0,42),(294,'2018-11-23 19:35:01','2018-11-23 19:37:11','2018-11-23 19:40:37','2018-11-23 19:43:02',1,0,5),(295,'2018-11-24 09:08:27',NULL,NULL,NULL,1,0,17),(296,'2018-11-24 09:22:35','2018-11-24 09:22:56','2018-11-24 09:26:24','2018-11-24 09:27:55',1,0,26),(297,'2018-11-24 10:04:18',NULL,NULL,NULL,1,0,44),(298,'2018-11-24 10:04:38','2018-11-24 10:04:49','2018-11-24 10:04:52','2018-11-24 10:04:55',1,0,37),(299,'2018-11-24 10:04:58','2018-11-24 10:05:03','2018-11-24 10:05:05','2018-11-24 10:05:08',1,0,13),(300,'2018-11-24 10:05:20','2018-11-24 10:12:41','2018-11-24 10:15:53','2018-11-24 10:18:01',1,0,55),(301,'2018-11-24 10:19:59','2018-11-24 10:20:21','2018-11-24 10:20:57','2018-11-24 10:21:05',1,0,59),(302,'2018-11-24 10:39:52','2018-11-24 10:44:00','2018-11-24 10:52:40','2018-11-24 10:53:26',1,0,35),(303,'2018-11-24 11:03:16',NULL,NULL,NULL,1,0,39),(304,'2018-11-24 11:15:17','2018-11-24 11:16:42','2018-11-24 11:16:48','2018-11-24 11:19:58',1,0,44),(305,'2018-11-24 11:21:36','2018-11-24 11:21:57','2018-11-24 11:22:19','2018-11-24 11:22:30',1,0,55),(306,'2018-11-24 11:24:12','2018-11-24 11:30:20','2018-11-24 11:33:26','2018-11-24 11:35:06',1,0,46),(307,'2018-11-24 11:37:51','2018-11-24 11:44:35','2018-11-24 11:47:33','2018-11-24 11:48:25',1,0,2),(308,'2018-11-24 11:51:14','2018-11-24 11:54:01','2018-11-24 11:58:05','2018-11-24 12:02:46',1,0,60),(309,'2018-11-24 12:05:43','2018-11-24 12:06:57','2018-11-24 12:07:15','2018-11-24 12:07:24',1,0,24),(310,'2018-11-24 12:18:22',NULL,NULL,NULL,1,0,34),(311,'2018-11-24 12:18:53','2018-11-24 12:19:47','2018-11-24 12:19:56',NULL,1,1,47),(312,'2018-11-24 12:20:42','2018-11-24 12:21:16','2018-11-24 12:20:56','2018-11-24 12:21:27',1,0,52),(313,'2018-11-24 12:21:39','2018-11-24 12:25:30','2018-11-24 12:27:54','2018-11-24 12:30:02',1,0,48),(314,'2018-11-24 12:56:25','2018-11-24 13:03:16','2018-11-24 13:09:16','2018-11-24 13:11:20',1,0,23),(315,'2018-11-24 13:41:58',NULL,NULL,NULL,1,0,56),(316,'2018-11-24 13:42:24',NULL,NULL,NULL,1,1,5),(317,'2018-11-24 13:45:15','2018-11-24 13:46:12','2018-11-24 13:47:44','2018-11-24 13:49:23',1,1,35),(318,'2018-11-24 13:50:04',NULL,NULL,NULL,1,0,12),(319,'2018-11-24 13:54:37',NULL,NULL,NULL,1,0,15),(320,'2018-11-24 14:18:27','2018-11-24 14:24:04','2018-11-24 14:28:28','2018-11-24 14:30:06',1,1,13),(321,'2018-11-24 14:39:42',NULL,NULL,NULL,1,0,16),(322,'2018-11-24 14:39:52','2018-11-24 14:56:26','2018-11-24 15:01:04','2018-11-24 15:02:18',0,0,9),(323,'2018-11-24 15:05:03','2018-11-24 15:13:37','2018-11-24 15:17:23','2018-11-24 15:20:29',0,0,4),(324,'2018-11-24 15:23:02','2018-11-24 15:31:32','2018-11-24 15:38:42','2018-11-24 15:39:29',0,0,29),(325,'2018-11-24 15:42:01','2018-11-24 15:44:44','2018-11-24 15:55:19','2018-11-24 15:57:47',0,0,49),(326,'2018-11-24 15:59:27','2018-11-24 16:00:01','2018-11-24 16:00:44','2018-11-24 16:01:23',1,0,30),(327,'2018-11-24 16:02:12',NULL,NULL,NULL,1,0,21),(328,'2018-11-24 16:14:08','2018-11-24 16:14:20',NULL,NULL,1,0,33),(329,'2018-11-24 16:20:53','2018-11-24 16:30:52',NULL,NULL,1,0,41),(330,'2018-11-24 16:41:55','2018-11-24 16:44:30','2018-11-24 16:46:42','2018-11-24 16:46:56',1,0,48),(331,'2018-11-24 16:54:51','2018-11-24 17:04:29','2018-11-24 17:10:48','2018-11-24 17:11:21',0,0,15),(332,'2018-11-24 17:17:28','2018-11-24 17:23:55','2018-11-24 17:28:43','2018-11-24 17:29:39',1,0,5),(333,'2018-11-24 17:48:02','2018-11-24 17:54:04','2018-11-24 17:56:38','2018-11-24 17:58:17',1,0,8),(334,'2018-11-25 09:07:41',NULL,NULL,NULL,1,0,44),(335,'2018-11-25 09:10:25','2018-11-25 09:11:14','2018-11-25 09:14:41','2018-11-25 09:15:35',1,1,32),(336,'2018-11-25 09:16:20',NULL,NULL,NULL,1,1,21),(337,'2018-11-25 09:16:52',NULL,NULL,NULL,1,0,24),(338,'2018-11-25 09:17:29','2018-11-25 09:18:35','2018-11-25 09:18:50','2018-11-25 09:19:02',1,0,6),(339,'2018-11-25 09:19:59','2018-11-25 09:26:23','2018-11-25 09:35:45','2018-11-25 09:36:23',0,0,9),(340,'2018-11-25 09:39:02','2018-11-25 09:42:38','2018-11-25 09:44:46','2018-11-25 09:45:33',1,0,33),(341,'2018-11-25 10:00:40','2018-11-25 10:05:43','2018-11-25 10:10:18','2018-11-25 10:12:18',1,0,28),(342,'2018-11-25 10:14:57','2018-11-25 10:22:15',NULL,NULL,1,0,47),(343,'2018-11-25 10:23:22','2018-11-25 10:24:15','2018-11-25 10:29:54','2018-11-25 10:33:29',1,0,46),(344,'2018-11-25 10:39:53',NULL,NULL,NULL,1,0,8),(345,'2018-11-25 10:54:55',NULL,NULL,NULL,1,1,59),(346,'2018-11-25 10:55:19','2018-11-25 10:55:40','2018-11-25 10:55:52','2018-11-25 10:56:01',1,0,55),(347,'2018-11-25 10:58:43','2018-11-25 11:04:55','2018-11-25 11:15:13','2018-11-25 11:15:23',0,0,40),(348,'2018-11-25 11:38:29',NULL,NULL,NULL,1,0,17),(349,'2018-11-25 11:51:06','2018-11-25 11:51:10','2018-11-25 11:56:43','2018-11-25 11:56:49',1,0,38),(350,'2018-11-25 11:57:02','2018-11-25 11:57:26','2018-11-25 11:57:53','2018-11-25 11:57:59',1,0,15),(351,'2018-11-25 11:59:23','2018-11-25 12:01:06','2018-11-25 12:03:26','2018-11-25 12:06:03',1,0,39),(352,'2018-11-25 12:15:01','2018-11-25 12:16:24','2018-11-25 12:16:58','2018-11-25 12:17:52',1,0,37),(353,'2018-11-25 12:19:01','2018-11-25 12:20:44','2018-11-25 12:21:29','2018-11-25 12:22:13',1,0,60),(354,'2018-11-25 12:38:28','2018-11-25 12:42:13','2018-11-25 12:47:21','2018-11-25 12:51:23',1,0,45),(355,'2018-11-25 12:56:40',NULL,NULL,NULL,1,0,51),(356,'2018-11-25 12:57:09','2018-11-25 13:04:11','2018-11-25 13:09:35','2018-11-25 13:11:33',1,0,15),(357,'2018-11-25 13:19:18','2018-11-25 13:22:59','2018-11-25 13:36:34','2018-11-25 13:36:41',0,0,24),(358,'2018-11-25 13:43:31','2018-11-25 13:46:59','2018-11-25 13:55:13','2018-11-25 13:56:12',1,0,8),(359,'2018-11-25 14:00:27','2018-11-25 14:07:42','2018-11-25 14:15:52','2018-11-25 14:16:30',0,0,55),(360,'2018-11-25 14:21:54','2018-11-25 14:28:33','2018-11-25 14:36:04','2018-11-25 14:37:36',0,0,29),(361,'2018-11-25 14:44:52',NULL,'2018-11-25 14:55:15',NULL,1,0,48),(362,'2018-11-25 14:55:28','2018-11-25 14:56:06','2018-11-25 15:03:38','2018-11-25 15:03:45',1,0,22),(363,'2018-11-25 15:04:58','2018-11-25 15:07:19','2018-11-25 15:10:08','2018-11-25 15:11:19',1,0,54),(364,'2018-11-25 15:20:38','2018-11-25 15:25:21','2018-11-25 15:36:05','2018-11-25 15:36:20',0,0,33),(365,'2018-11-25 15:40:08','2018-11-25 15:47:02','2018-11-25 15:51:14','2018-11-25 15:53:19',1,0,28),(366,'2018-11-25 15:54:28','2018-11-25 15:57:36','2018-11-25 16:00:27','2018-11-25 16:02:01',1,0,18),(367,'2018-11-25 16:04:31','2018-11-25 16:09:23','2018-11-25 16:20:11','2018-11-25 16:20:30',0,0,55),(368,'2018-11-25 16:21:41','2018-11-25 16:26:49','2018-11-25 16:31:28','2018-11-25 16:32:23',1,0,50),(369,'2018-11-25 16:38:15','2018-11-25 16:47:13','2018-11-25 16:57:41','2018-11-25 16:58:29',0,0,22),(370,'2018-11-25 16:59:55','2018-11-25 17:07:20','2018-11-25 17:14:37','2018-11-25 17:15:50',0,0,25),(371,'2018-11-25 17:19:25',NULL,NULL,NULL,1,0,17),(372,'2018-11-25 17:36:07','2018-11-25 17:36:33','2018-11-25 17:36:59','2018-11-25 17:37:10',1,0,60),(373,'2018-11-25 17:38:26','2018-11-25 17:38:52','2018-11-25 17:39:29','2018-11-25 17:39:50',1,0,28),(374,'2018-11-25 17:42:47','2018-11-25 17:44:09','2018-11-25 17:47:16','2018-11-25 17:47:57',1,0,44);
/*!40000 ALTER TABLE `gameinprogress` ENABLE KEYS */;
UNLOCK TABLES;

--
-- Table structure for table `gameset`
--

DROP TABLE IF EXISTS `gameset`;
/*!40101 SET @saved_cs_client     = @@character_set_client */;
/*!40101 SET character_set_client = utf8 */;
CREATE TABLE `gameset` (
  `idgame` int(11) NOT NULL AUTO_INCREMENT,
  `cableselect1` int(11) NOT NULL,
  `cableselect2` int(11) NOT NULL,
  `cableselect3` int(11) NOT NULL,
  `indice1` char(1) NOT NULL,
  `indice2` char(1) NOT NULL,
  `binary` char(8) NOT NULL,
  PRIMARY KEY (`idgame`)
) ENGINE=InnoDB AUTO_INCREMENT=61 DEFAULT CHARSET=utf8;
/*!40101 SET character_set_client = @saved_cs_client */;

--
-- Dumping data for table `gameset`
--

LOCK TABLES `gameset` WRITE;
/*!40000 ALTER TABLE `gameset` DISABLE KEYS */;
INSERT INTO `gameset` VALUES (1,1,2,3,'9','9','10011001'),(2,1,2,4,'B','C','10111100'),(3,1,2,5,'A','A','10101010'),(4,1,3,2,'B','7','10110111'),(5,1,3,4,'9','0','10010000'),(6,1,3,5,'9','2','10010010'),(7,1,4,2,'D','0','11010000'),(8,1,4,3,'9','C','10011100'),(9,1,4,5,'E','6','11100110'),(10,1,5,2,'C','9','11001001'),(11,1,5,3,'B','9','10111001'),(12,1,5,4,'A','8','10101000'),(13,2,1,3,'8','0','10000000'),(14,2,1,4,'C','D','11001101'),(15,2,1,5,'E','8','11101000'),(16,2,3,1,'9','A','10011010'),(17,2,3,4,'E','6','11100110'),(18,2,3,5,'C','5','11000101'),(19,2,4,1,'C','D','11001101'),(20,2,4,3,'9','D','10011101'),(21,2,4,5,'B','1','10110001'),(22,2,5,1,'B','E','10111110'),(23,2,5,3,'B','0','10110000'),(24,2,5,4,'A','A','10101010'),(25,3,1,2,'E','D','11101101'),(26,3,1,4,'8','C','10001100'),(27,3,1,5,'8','D','10001101'),(28,3,2,1,'9','7','10010111'),(29,3,2,4,'A','E','10101110'),(30,3,2,5,'D','3','11010011'),(31,3,4,1,'8','8','10001000'),(32,3,4,2,'C','9','11001001'),(33,3,4,5,'D','7','11010111'),(34,3,5,1,'A','6','10100110'),(35,3,5,2,'A','C','10101100'),(36,3,5,4,'9','E','10011110'),(37,4,1,2,'9','C','10011100'),(38,4,1,3,'9','6','10010110'),(39,4,1,5,'8','5','10000101'),(40,4,2,1,'E','0','11100000'),(41,4,2,3,'D','D','11011101'),(42,4,2,5,'8','0','10000000'),(43,4,3,1,'B','5','10110101'),(44,4,3,2,'C','E','11001110'),(45,4,3,5,'9','2','10010010'),(46,4,5,1,'8','B','10001011'),(47,4,5,2,'8','0','10000000'),(48,4,5,3,'D','C','11011100'),(49,5,1,2,'B','D','10111101'),(50,5,1,3,'8','0','10000000'),(51,5,1,4,'C','D','11001101'),(52,5,2,1,'A','1','10100001'),(53,5,2,3,'D','1','11010001'),(54,5,2,4,'C','3','11000011'),(55,5,3,1,'D','B','11011011'),(56,5,3,2,'B','E','10111110'),(57,5,3,4,'E','A','11101010'),(58,5,4,1,'B','3','10110011'),(59,5,4,2,'C','8','11001000'),(60,5,4,3,'9','7','10010111');
/*!40000 ALTER TABLE `gameset` ENABLE KEYS */;
UNLOCK TABLES;
/*!40103 SET TIME_ZONE=@OLD_TIME_ZONE */;

/*!40101 SET SQL_MODE=@OLD_SQL_MODE */;
/*!40014 SET FOREIGN_KEY_CHECKS=@OLD_FOREIGN_KEY_CHECKS */;
/*!40014 SET UNIQUE_CHECKS=@OLD_UNIQUE_CHECKS */;
/*!40101 SET CHARACTER_SET_CLIENT=@OLD_CHARACTER_SET_CLIENT */;
/*!40101 SET CHARACTER_SET_RESULTS=@OLD_CHARACTER_SET_RESULTS */;
/*!40101 SET COLLATION_CONNECTION=@OLD_COLLATION_CONNECTION */;
/*!40111 SET SQL_NOTES=@OLD_SQL_NOTES */;

-- Dump completed on 2018-11-27  9:31:24
